2023-05-01	SBO_0042_C01_216_j4	8	SBO_0042	2305H33916	2023-05-01 07:11:00.000000	2023-05-01 10:30:00.000000
2023-05-01	SBO_0042_C01_216_j3	8	SBO_0042	2305H33916	2023-05-01 07:11:00.000000	2023-05-01 10:30:00.000000
2023-05-01	SBO_0042_C01_216_j2	8	SBO_0042	2305H33916	2023-05-01 07:11:00.000000	2023-05-01 10:30:00.000000
2023-05-01	SBO_0042_C01_216_j1	8	SBO_0042	2305H33916	2023-05-01 07:11:00.000000	2023-05-01 10:30:00.000000
2023-05-01	SBO_0042_C01_216_l4	8	SBO_0042	2305H33916	2023-05-01 07:11:00.000000	2023-05-01 10:30:00.000000
2023-05-01	SBO_0042_C01_216_l3	8	SBO_0042	2305H33916	2023-05-01 07:11:00.000000	2023-05-01 10:30:00.000000
2023-05-01	SBO_0042_C01_216_l2	8	SBO_0042	2305H33916	2023-05-01 07:11:00.000000	2023-05-01 10:30:00.000000
2023-05-01	SBO_0042_C01_216_l1	8	SBO_0042	2305H33916	2023-05-01 07:11:00.000000	2023-05-01 10:30:00.000000
2023-05-01	SBO_0042_C01_216_h1	8	SBO_0042	2305H33916	2023-05-01 07:11:00.000000	2023-05-01 10:30:00.000000
2023-05-01	SBO_0042_C01_216_h2	8	SBO_0042	2305H33916	2023-05-01 07:11:00.000000	2023-05-01 10:30:00.000000
2023-05-01	SBO_0042_C01_216_h4	8	SBO_0042	2305H33916	2023-05-01 07:11:00.000000	2023-05-01 10:30:00.000000
2023-05-01	SBO_0042_C01_216_h3	8	SBO_0042	2305H33916	2023-05-01 07:11:00.000000	2023-05-01 10:30:00.000000
2023-05-01	SBO_0042_C01_216_f4	8	SBO_0042	2305H33916	2023-05-01 07:11:00.000000	2023-05-01 10:30:00.000000
2023-05-01	SBO_0042_C01_216_f1	8	SBO_0042	2305H33916	2023-05-01 07:11:00.000000	2023-05-01 10:30:00.000000
2023-05-01	SBO_0042_C01_216_f2	8	SBO_0042	2305H33916	2023-05-01 07:11:00.000000	2023-05-01 10:30:00.000000
2023-05-01	SBO_0042_C01_216_f3	8	SBO_0042	2305H33916	2023-05-01 07:11:00.000000	2023-05-01 10:30:00.000000
2023-05-01	SBO_0060_C03_218_f1	0	SBO_0060	2305H33916	2023-05-01 08:18:00.000000	2023-05-01 13:04:00.000000
2023-05-01	SBO_0060_C03_218_f2	0	SBO_0060	2305H33916	2023-05-01 08:18:00.000000	2023-05-01 13:04:00.000000
2023-05-01	SBO_0060_C03_218_f3	0	SBO_0060	2305H33916	2023-05-01 08:18:00.000000	2023-05-01 13:04:00.000000
2023-05-01	SBO_0058_C01_417_l3	6	SBO_0058	2305H33916	2023-05-01 08:28:00.000000	2023-05-01 12:36:00.000000
2023-05-01	SBO_0058_C01_417_l2	6	SBO_0058	2305H33916	2023-05-01 08:28:00.000000	2023-05-01 12:36:00.000000
2023-05-01	SBO_0058_C01_417_l1	6	SBO_0058	2305H33916	2023-05-01 08:28:00.000000	2023-05-01 12:36:00.000000
2023-05-01	SBO_0058_C01_417_f1	6	SBO_0058	2305H33916	2023-05-01 08:28:00.000000	2023-05-01 12:36:00.000000
2023-05-01	SBO_0058_C01_417_f2	6	SBO_0058	2305H33916	2023-05-01 08:28:00.000000	2023-05-01 12:36:00.000000
2023-05-01	SBO_0058_C01_417_f3	6	SBO_0058	2305H33916	2023-05-01 08:28:00.000000	2023-05-01 12:36:00.000000
2023-05-01	BIZ_0005_C04_409_f3	3	BIZ_0005	2305H34712	2023-05-01 09:00:00.000000	2023-05-01 10:12:00.000000
2023-05-01	BIZ_0005_C04_409_l1	3	BIZ_0005	2305H34712	2023-05-01 09:00:00.000000	2023-05-01 10:12:00.000000
2023-05-01	BIZ_0005_C04_409_l2	3	BIZ_0005	2305H34712	2023-05-01 09:00:00.000000	2023-05-01 10:12:00.000000
2023-05-01	BIZ_0005_C04_409_l3	3	BIZ_0005	2305H34712	2023-05-01 09:00:00.000000	2023-05-01 10:12:00.000000
2023-05-01	BIZ_0005_C04_409_j1	3	BIZ_0005	2305H34712	2023-05-01 09:00:00.000000	2023-05-01 10:12:00.000000
2023-05-01	BIZ_0005_C04_409_j2	3	BIZ_0005	2305H34712	2023-05-01 09:00:00.000000	2023-05-01 10:12:00.000000
2023-05-01	BIZ_0005_C04_409_j3	3	BIZ_0005	2305H34712	2023-05-01 09:00:00.000000	2023-05-01 10:12:00.000000
2023-05-01	BIZ_0005_C04_409_f2	3	BIZ_0005	2305H34712	2023-05-01 09:00:00.000000	2023-05-01 10:12:00.000000
2023-05-01	BIZ_0005_C04_409_f1	3	BIZ_0005	2305H34712	2023-05-01 09:00:00.000000	2023-05-01 10:12:00.000000
2023-05-01	BIZ_0005_C04_409_h1	3	BIZ_0005	2305H34712	2023-05-01 09:00:00.000000	2023-05-01 10:12:00.000000
2023-05-01	BIZ_0005_C04_409_h2	3	BIZ_0005	2305H34712	2023-05-01 09:00:00.000000	2023-05-01 10:12:00.000000
2023-05-01	BIZ_0005_C04_409_h3	3	BIZ_0005	2305H34712	2023-05-01 09:00:00.000000	2023-05-01 10:12:00.000000
2023-05-01	TUN_0085_C01_309_f2	0	TUN_0085	2305H34798	2023-05-01 08:48:00.000000	2023-05-01 11:26:00.000000
2023-05-01	TUN_0085_C01_309_f1	0	TUN_0085	2305H34798	2023-05-01 08:48:00.000000	2023-05-01 11:26:00.000000
2023-05-01	TUN_0085_C01_309_j3	0	TUN_0085	2305H34798	2023-05-01 08:48:00.000000	2023-05-01 11:26:00.000000
2023-05-01	TUN_0085_C01_309_j2	0	TUN_0085	2305H34798	2023-05-01 08:48:00.000000	2023-05-01 11:26:00.000000
2023-05-01	TUN_0085_C01_309_j1	0	TUN_0085	2305H34798	2023-05-01 08:48:00.000000	2023-05-01 11:26:00.000000
2023-05-01	TUN_0085_C01_309_h1	0	TUN_0085	2305H34798	2023-05-01 08:48:00.000000	2023-05-01 11:26:00.000000
2023-05-01	TUN_0085_C01_309_h2	0	TUN_0085	2305H34798	2023-05-01 08:48:00.000000	2023-05-01 11:26:00.000000
2023-05-01	TUN_0085_C01_309_h3	0	TUN_0085	2305H34798	2023-05-01 08:48:00.000000	2023-05-01 11:26:00.000000
2023-05-01	SBO_0036_C05_116_j3	740	SBO_0036	2305H33916	2023-05-01 09:29:00.000000	2023-05-01 09:47:00.000000
2023-05-01	SBO_0036_C05_116_l3	740	SBO_0036	2305H33916	2023-05-01 09:29:00.000000	2023-05-01 09:47:00.000000
2023-05-01	SBO_0036_C05_116_h3	0	SBO_0036	2305H33916	2023-05-01 09:29:00.000000	2023-05-01 09:47:00.000000
2023-05-01	SBO_0036_C05_116_f1	0	SBO_0036	2305H33916	2023-05-01 09:29:00.000000	2023-05-01 09:47:00.000000
2023-05-01	SBO_0036_C05_116_f2	0	SBO_0036	2305H33916	2023-05-01 09:29:00.000000	2023-05-01 09:47:00.000000
2023-05-01	SBO_0036_C05_116_f3	0	SBO_0036	2305H33916	2023-05-01 09:29:00.000000	2023-05-01 09:47:00.000000
2023-05-01	SBO_0036_C05_116_j3	740	SBO_0036	2305H33916	2023-05-01 09:35:00.000000	2023-05-01 09:47:00.000000
2023-05-01	SBO_0036_C05_116_l3	740	SBO_0036	2305H33916	2023-05-01 09:35:00.000000	2023-05-01 09:47:00.000000
2023-05-01	SBO_0036_C05_116_h3	0	SBO_0036	2305H33916	2023-05-01 09:35:00.000000	2023-05-01 09:47:00.000000
2023-05-01	SBO_0036_C05_116_f1	0	SBO_0036	2305H33916	2023-05-01 09:35:00.000000	2023-05-01 09:47:00.000000
2023-05-01	SBO_0036_C05_116_f2	0	SBO_0036	2305H33916	2023-05-01 09:35:00.000000	2023-05-01 09:47:00.000000
2023-05-01	SBO_0036_C05_116_f3	0	SBO_0036	2305H33916	2023-05-01 09:35:00.000000	2023-05-01 09:47:00.000000
2023-05-01	GAF_0010_C03_110_j3	3	GAF_0010	2305H34689	2023-05-01 09:35:00.000000	2023-05-01 12:08:00.000000
2023-05-01	GAF_0010_C03_110_j2	3	GAF_0010	2305H34689	2023-05-01 09:35:00.000000	2023-05-01 12:08:00.000000
2023-05-01	GAF_0010_C03_110_j1	3	GAF_0010	2305H34689	2023-05-01 09:35:00.000000	2023-05-01 12:08:00.000000
2023-05-01	GAF_0010_C03_110_l3	3	GAF_0010	2305H34689	2023-05-01 09:35:00.000000	2023-05-01 12:08:00.000000
2023-05-01	GAF_0010_C03_110_l2	3	GAF_0010	2305H34689	2023-05-01 09:35:00.000000	2023-05-01 12:08:00.000000
2023-05-01	GAF_0010_C03_110_l1	3	GAF_0010	2305H34689	2023-05-01 09:35:00.000000	2023-05-01 12:08:00.000000
2023-05-01	GAF_0010_C03_110_f3	3	GAF_0010	2305H34689	2023-05-01 09:35:00.000000	2023-05-01 12:08:00.000000
2023-05-01	GAF_0010_C03_110_h1	3	GAF_0010	2305H34689	2023-05-01 09:35:00.000000	2023-05-01 12:08:00.000000
2023-05-01	GAF_0010_C03_110_h2	3	GAF_0010	2305H34689	2023-05-01 09:35:00.000000	2023-05-01 12:08:00.000000
2023-05-01	GAF_0010_C03_110_h3	3	GAF_0010	2305H34689	2023-05-01 09:35:00.000000	2023-05-01 12:08:00.000000
2023-05-01	GAF_0010_C03_110_f1	3	GAF_0010	2305H34689	2023-05-01 09:35:00.000000	2023-05-01 12:08:00.000000
2023-05-01	GAF_0010_C03_110_f2	3	GAF_0010	2305H34689	2023-05-01 09:35:00.000000	2023-05-01 12:08:00.000000
2023-05-01	TUN_0279_C01_115_f4	5	TUN_0279	2305H34944	2023-05-01 09:29:00.000000	2023-05-01 12:38:00.000000
2023-05-01	TUN_0279_C01_115_h4	5	TUN_0279	2305H34944	2023-05-01 09:29:00.000000	2023-05-01 12:38:00.000000
2023-05-01	TUN_0279_C01_115_f1	5	TUN_0279	2305H34944	2023-05-01 09:29:00.000000	2023-05-01 12:38:00.000000
2023-05-01	TUN_0279_C01_115_f2	5	TUN_0279	2305H34944	2023-05-01 09:29:00.000000	2023-05-01 12:38:00.000000
2023-05-01	TUN_0279_C01_115_f3	5	TUN_0279	2305H34944	2023-05-01 09:29:00.000000	2023-05-01 12:38:00.000000
2023-05-01	TUN_0279_C01_115_h1	5	TUN_0279	2305H34944	2023-05-01 09:29:00.000000	2023-05-01 12:38:00.000000
2023-05-01	TUN_0279_C01_115_h2	5	TUN_0279	2305H34944	2023-05-01 09:29:00.000000	2023-05-01 12:38:00.000000
2023-05-01	TUN_0279_C01_115_h3	5	TUN_0279	2305H34944	2023-05-01 09:29:00.000000	2023-05-01 12:38:00.000000
2023-05-01	SBO_0036_C05_116_j3	740	SBO_0036	2305H33916	2023-05-01 09:47:00.000000	2023-05-01 13:15:00.000000
2023-05-01	SBO_0036_C05_116_l3	740	SBO_0036	2305H33916	2023-05-01 09:47:00.000000	2023-05-01 13:15:00.000000
2023-05-01	SBO_0036_C05_116_h3	0	SBO_0036	2305H33916	2023-05-01 09:47:00.000000	2023-05-01 13:15:00.000000
2023-05-01	SBO_0036_C05_116_f1	0	SBO_0036	2305H33916	2023-05-01 09:47:00.000000	2023-05-01 13:15:00.000000
2023-05-01	SBO_0036_C05_116_f2	0	SBO_0036	2305H33916	2023-05-01 09:47:00.000000	2023-05-01 13:15:00.000000
2023-05-01	SBO_0036_C05_116_f3	0	SBO_0036	2305H33916	2023-05-01 09:47:00.000000	2023-05-01 13:15:00.000000
2023-05-01	GAF_0010_C03_110_j3	3	GAF_0010	2305H34689	2023-05-01 09:55:00.000000	2023-05-01 12:08:00.000000
2023-05-01	GAF_0010_C03_110_j2	3	GAF_0010	2305H34689	2023-05-01 09:55:00.000000	2023-05-01 12:08:00.000000
2023-05-01	GAF_0010_C03_110_j1	3	GAF_0010	2305H34689	2023-05-01 09:55:00.000000	2023-05-01 12:08:00.000000
2023-05-01	GAF_0010_C03_110_l3	3	GAF_0010	2305H34689	2023-05-01 09:55:00.000000	2023-05-01 12:08:00.000000
2023-05-01	GAF_0010_C03_110_l2	3	GAF_0010	2305H34689	2023-05-01 09:55:00.000000	2023-05-01 12:08:00.000000
2023-05-01	GAF_0010_C03_110_l1	3	GAF_0010	2305H34689	2023-05-01 09:55:00.000000	2023-05-01 12:08:00.000000
2023-05-01	GAF_0010_C03_110_f3	3	GAF_0010	2305H34689	2023-05-01 09:55:00.000000	2023-05-01 12:08:00.000000
2023-05-01	GAF_0010_C03_110_h1	3	GAF_0010	2305H34689	2023-05-01 09:55:00.000000	2023-05-01 12:08:00.000000
2023-05-01	GAF_0010_C03_110_h2	3	GAF_0010	2305H34689	2023-05-01 09:55:00.000000	2023-05-01 12:08:00.000000
2023-05-01	GAF_0010_C03_110_h3	3	GAF_0010	2305H34689	2023-05-01 09:55:00.000000	2023-05-01 12:08:00.000000
2023-05-01	GAF_0010_C03_110_f1	3	GAF_0010	2305H34689	2023-05-01 09:55:00.000000	2023-05-01 12:08:00.000000
2023-05-01	GAF_0010_C03_110_f2	3	GAF_0010	2305H34689	2023-05-01 09:55:00.000000	2023-05-01 12:08:00.000000
2023-05-01	SBO_0006_C03_SFN_j3	0	SBO_0006	2305H34842	2023-05-01 10:05:00.000000	2023-05-01 14:25:00.000000
2023-05-01	SBO_0006_C03_110_j2	0	SBO_0006	2305H34842	2023-05-01 10:05:00.000000	2023-05-01 14:25:00.000000
2023-05-01	SBO_0006_C03_110_j1	0	SBO_0006	2305H34842	2023-05-01 10:05:00.000000	2023-05-01 14:25:00.000000
2023-05-01	SBO_0006_C03_SFN_l3	0	SBO_0006	2305H34842	2023-05-01 10:05:00.000000	2023-05-01 14:25:00.000000
2023-05-01	SBO_0006_C03_110_l2	0	SBO_0006	2305H34842	2023-05-01 10:05:00.000000	2023-05-01 14:25:00.000000
2023-05-01	SBO_0006_C03_110_l1	0	SBO_0006	2305H34842	2023-05-01 10:05:00.000000	2023-05-01 14:25:00.000000
2023-05-01	SBO_0006_C03_110_h1	0	SBO_0006	2305H34842	2023-05-01 10:05:00.000000	2023-05-01 14:25:00.000000
2023-05-01	SBO_0006_C03_110_h2	0	SBO_0006	2305H34842	2023-05-01 10:05:00.000000	2023-05-01 14:25:00.000000
2023-05-01	SBO_0006_C03_SFN_h3	0	SBO_0006	2305H34842	2023-05-01 10:05:00.000000	2023-05-01 14:25:00.000000
2023-05-01	SBO_0006_C03_110_f1	0	SBO_0006	2305H34842	2023-05-01 10:05:00.000000	2023-05-01 14:25:00.000000
2023-05-01	SBO_0006_C03_110_f2	0	SBO_0006	2305H34842	2023-05-01 10:05:00.000000	2023-05-01 14:25:00.000000
2023-05-01	SBO_0006_C03_110_f3	0	SBO_0006	2305H34842	2023-05-01 10:05:00.000000	2023-05-01 14:25:00.000000
2023-05-01	SBO_0042_C01_216_j4	8	SBO_0042	2305H33916	2023-05-01 10:30:00.000000	2023-05-01 12:37:00.000000
2023-05-01	SBO_0042_C01_216_j3	8	SBO_0042	2305H33916	2023-05-01 10:30:00.000000	2023-05-01 12:37:00.000000
2023-05-01	SBO_0042_C01_216_j2	8	SBO_0042	2305H33916	2023-05-01 10:30:00.000000	2023-05-01 12:37:00.000000
2023-05-01	SBO_0042_C01_216_j1	8	SBO_0042	2305H33916	2023-05-01 10:30:00.000000	2023-05-01 12:37:00.000000
2023-05-01	SBO_0042_C01_216_l4	8	SBO_0042	2305H33916	2023-05-01 10:30:00.000000	2023-05-01 12:37:00.000000
2023-05-01	SBO_0042_C01_216_l3	8	SBO_0042	2305H33916	2023-05-01 10:30:00.000000	2023-05-01 12:37:00.000000
2023-05-01	SBO_0042_C01_216_l2	8	SBO_0042	2305H33916	2023-05-01 10:30:00.000000	2023-05-01 12:37:00.000000
2023-05-01	SBO_0042_C01_216_l1	8	SBO_0042	2305H33916	2023-05-01 10:30:00.000000	2023-05-01 12:37:00.000000
2023-05-01	SBO_0042_C01_216_h1	8	SBO_0042	2305H33916	2023-05-01 10:30:00.000000	2023-05-01 12:37:00.000000
2023-05-01	SBO_0042_C01_216_h2	8	SBO_0042	2305H33916	2023-05-01 10:30:00.000000	2023-05-01 12:37:00.000000
2023-05-01	SBO_0042_C01_216_h4	8	SBO_0042	2305H33916	2023-05-01 10:30:00.000000	2023-05-01 12:37:00.000000
2023-05-01	SBO_0042_C01_216_h3	8	SBO_0042	2305H33916	2023-05-01 10:30:00.000000	2023-05-01 12:37:00.000000
2023-05-01	SBO_0042_C01_216_f4	8	SBO_0042	2305H33916	2023-05-01 10:30:00.000000	2023-05-01 12:37:00.000000
2023-05-01	SBO_0042_C01_216_f1	8	SBO_0042	2305H33916	2023-05-01 10:30:00.000000	2023-05-01 12:37:00.000000
2023-05-01	SBO_0042_C01_216_f2	8	SBO_0042	2305H33916	2023-05-01 10:30:00.000000	2023-05-01 12:37:00.000000
2023-05-01	SBO_0042_C01_216_f3	8	SBO_0042	2305H33916	2023-05-01 10:30:00.000000	2023-05-01 12:37:00.000000
2023-05-01	SBO_0033_C01_115_h2	1	SBO_0033	2305H34402	2023-05-01 11:25:00.000000	2023-05-01 12:40:00.000000
2023-05-01	SBO_0033_C01_115_f1	0	SBO_0033	2305H34402	2023-05-01 11:25:00.000000	2023-05-01 12:40:00.000000
2023-05-01	SBO_0033_C01_115_f2	0	SBO_0033	2305H34402	2023-05-01 11:25:00.000000	2023-05-01 12:40:00.000000
2023-05-01	SBO_0033_C01_115_f3	0	SBO_0033	2305H34402	2023-05-01 11:25:00.000000	2023-05-01 12:40:00.000000
2023-05-01	KAI_0055_C02_116_h1	0	KAI_0055	2305H35734	2023-05-01 11:58:00.000000	2023-05-01 12:09:00.000000
2023-05-01	KAI_0055_C02_116_f1	0	KAI_0055	2305H35734	2023-05-01 11:58:00.000000	2023-05-01 12:09:00.000000
2023-05-01	KAI_0055_C02_116_f2	0	KAI_0055	2305H35734	2023-05-01 11:58:00.000000	2023-05-01 12:09:00.000000
2023-05-01	KAI_0055_C02_116_f3	0	KAI_0055	2305H35734	2023-05-01 11:58:00.000000	2023-05-01 12:09:00.000000
2023-05-01	KAI_0055_C02_116_f4	0	KAI_0055	2305H35734	2023-05-01 11:58:00.000000	2023-05-01 12:09:00.000000
2023-05-01	GAF_0014_C05_110_j4	0	GAF_0014	2305H34689	2023-05-01 11:42:00.000000	2023-05-01 12:19:00.000000
2023-05-01	GAF_0014_C05_110_j3	0	GAF_0014	2305H34689	2023-05-01 11:42:00.000000	2023-05-01 12:19:00.000000
2023-05-01	GAF_0014_C05_110_j2	0	GAF_0014	2305H34689	2023-05-01 11:42:00.000000	2023-05-01 12:19:00.000000
2023-05-01	GAF_0014_C05_110_j1	0	GAF_0014	2305H34689	2023-05-01 11:42:00.000000	2023-05-01 12:19:00.000000
2023-05-01	GAF_0014_C05_110_l4	0	GAF_0014	2305H34689	2023-05-01 11:42:00.000000	2023-05-01 12:19:00.000000
2023-05-01	GAF_0014_C05_110_l3	0	GAF_0014	2305H34689	2023-05-01 11:42:00.000000	2023-05-01 12:19:00.000000
2023-05-01	GAF_0014_C05_110_l2	0	GAF_0014	2305H34689	2023-05-01 11:42:00.000000	2023-05-01 12:19:00.000000
2023-05-01	GAF_0014_C05_110_l1	0	GAF_0014	2305H34689	2023-05-01 11:42:00.000000	2023-05-01 12:19:00.000000
2023-05-01	GAF_0014_C05_110_h1	0	GAF_0014	2305H34689	2023-05-01 11:42:00.000000	2023-05-01 12:19:00.000000
2023-05-01	GAF_0014_C05_110_h2	0	GAF_0014	2305H34689	2023-05-01 11:42:00.000000	2023-05-01 12:19:00.000000
2023-05-01	GAF_0014_C05_110_h3	0	GAF_0014	2305H34689	2023-05-01 11:42:00.000000	2023-05-01 12:19:00.000000
2023-05-01	GAF_0014_C05_110_f1	0	GAF_0014	2305H34689	2023-05-01 11:42:00.000000	2023-05-01 12:19:00.000000
2023-05-01	GAF_0014_C05_110_f2	0	GAF_0014	2305H34689	2023-05-01 11:42:00.000000	2023-05-01 12:19:00.000000
2023-05-01	GAF_0014_C05_110_f3	0	GAF_0014	2305H34689	2023-05-01 11:42:00.000000	2023-05-01 12:19:00.000000
2023-05-01	GAF_0014_C05_110_f4	0	GAF_0014	2305H34689	2023-05-01 11:42:00.000000	2023-05-01 12:19:00.000000
2023-05-01	GAF_0014_C05_110_h4	0	GAF_0014	2305H34689	2023-05-01 11:42:00.000000	2023-05-01 12:19:00.000000
2023-05-01	SFA_0200_C01_115_h3	1	SFA_0200	2305H35909	2023-05-01 13:17:00.000000	2023-05-01 13:43:00.000000
2023-05-01	SFA_0200_C01_115_f4	1	SFA_0200	2305H35909	2023-05-01 13:17:00.000000	2023-05-01 13:43:00.000000
2023-05-01	SFA_0200_C01_115_f1	1	SFA_0200	2305H35909	2023-05-01 13:17:00.000000	2023-05-01 13:43:00.000000
2023-05-01	SFA_0200_C01_115_f2	1	SFA_0200	2305H35909	2023-05-01 13:17:00.000000	2023-05-01 13:43:00.000000
2023-05-01	SFA_0200_C01_115_f3	1	SFA_0200	2305H35909	2023-05-01 13:17:00.000000	2023-05-01 13:43:00.000000
2023-05-01	SFA_0200_C01_115_h3	1	SFA_0200	2305H35909	2023-05-01 13:26:00.000000	2023-05-01 13:44:00.000000
2023-05-01	SFA_0200_C01_115_f4	1	SFA_0200	2305H35909	2023-05-01 13:26:00.000000	2023-05-01 13:44:00.000000
2023-05-01	SFA_0200_C01_115_f1	1	SFA_0200	2305H35909	2023-05-01 13:26:00.000000	2023-05-01 13:44:00.000000
2023-05-01	SFA_0200_C01_115_f2	1	SFA_0200	2305H35909	2023-05-01 13:26:00.000000	2023-05-01 13:44:00.000000
2023-05-01	SFA_0200_C01_115_f3	1	SFA_0200	2305H35909	2023-05-01 13:26:00.000000	2023-05-01 13:44:00.000000
2023-05-01	SBO_0036_C05_116_j3	740	SBO_0036	2305H39217	2023-05-01 15:38:00.000000	2023-05-01 17:21:00.000000
2023-05-01	SBO_0036_C05_116_l3	740	SBO_0036	2305H39217	2023-05-01 15:38:00.000000	2023-05-01 17:21:00.000000
2023-05-01	SBO_0036_C05_116_h3	0	SBO_0036	2305H39217	2023-05-01 15:38:00.000000	2023-05-01 17:21:00.000000
2023-05-01	SBO_0036_C05_116_f1	0	SBO_0036	2305H39217	2023-05-01 15:38:00.000000	2023-05-01 17:21:00.000000
2023-05-01	SBO_0036_C05_116_f2	0	SBO_0036	2305H39217	2023-05-01 15:38:00.000000	2023-05-01 17:21:00.000000
2023-05-01	SBO_0036_C05_116_f3	0	SBO_0036	2305H39217	2023-05-01 15:38:00.000000	2023-05-01 17:21:00.000000
2023-05-01	SBO_0058_C01_417_l3	6	SBO_0058	2305H39306	2023-05-01 17:17:00.000000	2023-05-01 17:22:00.000000
2023-05-01	SBO_0058_C01_417_l2	6	SBO_0058	2305H39306	2023-05-01 17:17:00.000000	2023-05-01 17:22:00.000000
2023-05-01	SBO_0058_C01_417_l1	6	SBO_0058	2305H39306	2023-05-01 17:17:00.000000	2023-05-01 17:22:00.000000
2023-05-01	SBO_0058_C01_417_f1	6	SBO_0058	2305H39306	2023-05-01 17:17:00.000000	2023-05-01 17:22:00.000000
2023-05-01	SBO_0058_C01_417_f2	6	SBO_0058	2305H39306	2023-05-01 17:17:00.000000	2023-05-01 17:22:00.000000
2023-05-01	SBO_0058_C01_417_f3	6	SBO_0058	2305H39306	2023-05-01 17:17:00.000000	2023-05-01 17:22:00.000000
2023-05-01	TUN_0085_C01_309_lx1	174	TUN_0085	2305H34798	2023-05-01 08:48:00.000000	2023-05-01 11:26:00.000000
2023-05-01	TUN_0085_C01_309_jx1	141	TUN_0085	2305H34798	2023-05-01 08:48:00.000000	2023-05-01 11:26:00.000000
2023-05-01	TUN_0085_C01_309_hx1	141	TUN_0085	2305H34798	2023-05-01 08:48:00.000000	2023-05-01 11:26:00.000000
2023-05-01	TUN_0085_C01_309_l3	0	TUN_0085	2305H34798	2023-05-01 08:48:00.000000	2023-05-01 11:26:00.000000
2023-05-01	TUN_0085_C01_309_l2	0	TUN_0085	2305H34798	2023-05-01 08:48:00.000000	2023-05-01 11:26:00.000000
2023-05-01	TUN_0085_C01_309_l1	0	TUN_0085	2305H34798	2023-05-01 08:48:00.000000	2023-05-01 11:26:00.000000
2023-05-01	TUN_0085_C01_309_f3	0	TUN_0085	2305H34798	2023-05-01 08:48:00.000000	2023-05-01 11:26:00.000000
2023-05-01	GAF_0027_C06_414_j1	348	GAF_0027	2305H34689	2023-05-01 10:04:00.000000	2023-05-01 10:23:00.000000
2023-05-01	GAF_0027_C06_414_j3	0	GAF_0027	2305H34689	2023-05-01 10:04:00.000000	2023-05-01 10:23:00.000000
2023-05-01	GAF_0027_C06_414_l3	0	GAF_0027	2305H34689	2023-05-01 10:04:00.000000	2023-05-01 10:23:00.000000
2023-05-01	GAF_0027_C06_414_f1	0	GAF_0027	2305H34689	2023-05-01 10:04:00.000000	2023-05-01 10:23:00.000000
2023-05-01	GAF_0027_C06_414_f2	0	GAF_0027	2305H34689	2023-05-01 10:04:00.000000	2023-05-01 10:23:00.000000
2023-05-01	GAF_0027_C06_414_f3	0	GAF_0027	2305H34689	2023-05-01 10:04:00.000000	2023-05-01 10:23:00.000000
2023-05-01	GAF_0027_C06_414_h1	0	GAF_0027	2305H34689	2023-05-01 10:04:00.000000	2023-05-01 10:23:00.000000
2023-05-01	GAF_0027_C06_414_h2	0	GAF_0027	2305H34689	2023-05-01 10:04:00.000000	2023-05-01 10:23:00.000000
2023-05-01	GAF_0027_C06_414_h3	0	GAF_0027	2305H34689	2023-05-01 10:04:00.000000	2023-05-01 10:23:00.000000
2023-05-01	GAF_0027_C06_414_j1	348	GAF_0027	2305H34689	2023-05-01 10:10:00.000000	2023-05-01 10:24:00.000000
2023-05-01	GAF_0027_C06_414_j3	0	GAF_0027	2305H34689	2023-05-01 10:10:00.000000	2023-05-01 10:24:00.000000
2023-05-01	GAF_0027_C06_414_l3	0	GAF_0027	2305H34689	2023-05-01 10:10:00.000000	2023-05-01 10:24:00.000000
2023-05-01	GAF_0027_C06_414_f1	0	GAF_0027	2305H34689	2023-05-01 10:10:00.000000	2023-05-01 10:24:00.000000
2023-05-01	GAF_0027_C06_414_f2	0	GAF_0027	2305H34689	2023-05-01 10:10:00.000000	2023-05-01 10:24:00.000000
2023-05-01	GAF_0027_C06_414_f3	0	GAF_0027	2305H34689	2023-05-01 10:10:00.000000	2023-05-01 10:24:00.000000
2023-05-01	GAF_0027_C06_414_h1	0	GAF_0027	2305H34689	2023-05-01 10:10:00.000000	2023-05-01 10:24:00.000000
2023-05-01	GAF_0027_C06_414_h2	0	GAF_0027	2305H34689	2023-05-01 10:10:00.000000	2023-05-01 10:24:00.000000
2023-05-01	GAF_0027_C06_414_h3	0	GAF_0027	2305H34689	2023-05-01 10:10:00.000000	2023-05-01 10:24:00.000000
2023-05-01	SBO_0040_C03_116_j3	0	SBO_0040	2305H35970	2023-05-01 12:44:00.000000	2023-05-01 13:04:00.000000
2023-05-01	SBO_0040_C03_116_j2	0	SBO_0040	2305H35970	2023-05-01 12:44:00.000000	2023-05-01 13:04:00.000000
2023-05-01	SBO_0040_C03_116_j1	0	SBO_0040	2305H35970	2023-05-01 12:44:00.000000	2023-05-01 13:04:00.000000
2023-05-01	SBO_0040_C03_116_l3	1	SBO_0040	2305H35970	2023-05-01 12:44:00.000000	2023-05-01 13:04:00.000000
2023-05-01	SBO_0040_C03_116_l2	0	SBO_0040	2305H35970	2023-05-01 12:44:00.000000	2023-05-01 13:04:00.000000
2023-05-01	SBO_0040_C03_116_l1	0	SBO_0040	2305H35970	2023-05-01 12:44:00.000000	2023-05-01 13:04:00.000000
2023-05-01	SBO_0040_C03_116_h3	0	SBO_0040	2305H35970	2023-05-01 12:44:00.000000	2023-05-01 13:04:00.000000
2023-05-01	SBO_0040_C03_116_h1	0	SBO_0040	2305H35970	2023-05-01 12:44:00.000000	2023-05-01 13:04:00.000000
2023-05-01	SBO_0040_C03_116_h2	0	SBO_0040	2305H35970	2023-05-01 12:44:00.000000	2023-05-01 13:04:00.000000
2023-05-01	SBO_0040_C03_116_f1	0	SBO_0040	2305H35970	2023-05-01 12:44:00.000000	2023-05-01 13:04:00.000000
2023-05-01	SBO_0040_C03_116_f2	0	SBO_0040	2305H35970	2023-05-01 12:44:00.000000	2023-05-01 13:04:00.000000
2023-05-01	SBO_0040_C03_116_f3	0	SBO_0040	2305H35970	2023-05-01 12:44:00.000000	2023-05-01 13:04:00.000000
2023-05-01	SBO_0019_C03_110_l3	735	SBO_0019	2305H33916	2023-05-01 07:07:00.000000	2023-05-01 15:50:00.000000
2023-05-01	SBO_0019_C03_110_l2	735	SBO_0019	2305H33916	2023-05-01 07:07:00.000000	2023-05-01 15:50:00.000000
2023-05-01	SBO_0019_C03_110_l1	735	SBO_0019	2305H33916	2023-05-01 07:07:00.000000	2023-05-01 15:50:00.000000
2023-05-01	SBO_0019_C03_110_j3	735	SBO_0019	2305H33916	2023-05-01 07:07:00.000000	2023-05-01 15:50:00.000000
2023-05-01	SBO_0019_C03_110_j2	735	SBO_0019	2305H33916	2023-05-01 07:07:00.000000	2023-05-01 15:50:00.000000
2023-05-01	SBO_0019_C03_110_h3	735	SBO_0019	2305H33916	2023-05-01 07:07:00.000000	2023-05-01 15:50:00.000000
2023-05-01	SBO_0019_C03_110_h2	735	SBO_0019	2305H33916	2023-05-01 07:07:00.000000	2023-05-01 15:50:00.000000
2023-05-01	SBO_0019_C03_110_j1	735	SBO_0019	2305H33916	2023-05-01 07:07:00.000000	2023-05-01 15:50:00.000000
2023-05-01	SBO_0019_C03_110_h1	735	SBO_0019	2305H33916	2023-05-01 07:07:00.000000	2023-05-01 15:50:00.000000
2023-05-01	SBO_0019_C03_110_f1	3	SBO_0019	2305H33916	2023-05-01 07:07:00.000000	2023-05-01 15:50:00.000000
2023-05-01	SBO_0019_C03_110_f2	3	SBO_0019	2305H33916	2023-05-01 07:07:00.000000	2023-05-01 15:50:00.000000
2023-05-01	SBO_0019_C03_110_f3	4	SBO_0019	2305H33916	2023-05-01 07:07:00.000000	2023-05-01 15:50:00.000000
2023-05-01	SBO_0061_C02_218_l3	738	SBO_0061	2305H33916	2023-05-01 07:08:00.000000	2023-05-01 12:37:00.000000
2023-05-01	SBO_0061_C02_218_l2	738	SBO_0061	2305H33916	2023-05-01 07:08:00.000000	2023-05-01 12:37:00.000000
2023-05-01	SBO_0061_C02_218_l1	738	SBO_0061	2305H33916	2023-05-01 07:08:00.000000	2023-05-01 12:37:00.000000
2023-05-01	SBO_0061_C02_218_j3	738	SBO_0061	2305H33916	2023-05-01 07:08:00.000000	2023-05-01 12:37:00.000000
2023-05-01	SBO_0061_C02_218_j2	738	SBO_0061	2305H33916	2023-05-01 07:08:00.000000	2023-05-01 12:37:00.000000
2023-05-01	SBO_0061_C02_218_h3	738	SBO_0061	2305H33916	2023-05-01 07:08:00.000000	2023-05-01 12:37:00.000000
2023-05-01	SBO_0061_C02_218_h2	738	SBO_0061	2305H33916	2023-05-01 07:08:00.000000	2023-05-01 12:37:00.000000
2023-05-01	SBO_0061_C02_218_j1	0	SBO_0061	2305H33916	2023-05-01 07:08:00.000000	2023-05-01 12:37:00.000000
2023-05-01	SBO_0061_C02_218_h1	0	SBO_0061	2305H33916	2023-05-01 07:08:00.000000	2023-05-01 12:37:00.000000
2023-05-01	SBO_0061_C02_218_f1	0	SBO_0061	2305H33916	2023-05-01 07:08:00.000000	2023-05-01 12:37:00.000000
2023-05-01	SBO_0061_C02_218_f2	0	SBO_0061	2305H33916	2023-05-01 07:08:00.000000	2023-05-01 12:37:00.000000
2023-05-01	SBO_0061_C02_218_f3	0	SBO_0061	2305H33916	2023-05-01 07:08:00.000000	2023-05-01 12:37:00.000000
2023-05-01	SBO_0020_C06_110_j3	5	SBO_0020	2305H33916	2023-05-01 07:10:00.000000	2023-05-01 12:13:00.000000
2023-05-01	SBO_0020_C06_110_h3	5	SBO_0020	2305H33916	2023-05-01 07:10:00.000000	2023-05-01 12:13:00.000000
2023-05-01	SBO_0020_C06_110_l4	5	SBO_0020	2305H33916	2023-05-01 07:10:00.000000	2023-05-01 12:13:00.000000
2023-05-01	SBO_0020_C06_110_l3	5	SBO_0020	2305H33916	2023-05-01 07:10:00.000000	2023-05-01 12:13:00.000000
2023-05-01	SBO_0020_C06_110_l2	5	SBO_0020	2305H33916	2023-05-01 07:10:00.000000	2023-05-01 12:13:00.000000
2023-05-01	SBO_0020_C06_110_l1	5	SBO_0020	2305H33916	2023-05-01 07:10:00.000000	2023-05-01 12:13:00.000000
2023-05-01	SBO_0020_C06_110_j4	5	SBO_0020	2305H33916	2023-05-01 07:10:00.000000	2023-05-01 12:13:00.000000
2023-05-01	SBO_0020_C06_110_j2	5	SBO_0020	2305H33916	2023-05-01 07:10:00.000000	2023-05-01 12:13:00.000000
2023-05-01	SBO_0020_C06_110_j1	5	SBO_0020	2305H33916	2023-05-01 07:10:00.000000	2023-05-01 12:13:00.000000
2023-05-01	SBO_0020_C06_110_h4	5	SBO_0020	2305H33916	2023-05-01 07:10:00.000000	2023-05-01 12:13:00.000000
2023-05-01	SBO_0020_C06_110_h1	5	SBO_0020	2305H33916	2023-05-01 07:10:00.000000	2023-05-01 12:13:00.000000
2023-05-01	SBO_0020_C06_110_h2	5	SBO_0020	2305H33916	2023-05-01 07:10:00.000000	2023-05-01 12:13:00.000000
2023-05-01	SBO_0020_C06_110_f1	5	SBO_0020	2305H33916	2023-05-01 07:10:00.000000	2023-05-01 12:13:00.000000
2023-05-01	SBO_0020_C06_110_f2	5	SBO_0020	2305H33916	2023-05-01 07:10:00.000000	2023-05-01 12:13:00.000000
2023-05-01	SBO_0020_C06_110_f3	5	SBO_0020	2305H33916	2023-05-01 07:10:00.000000	2023-05-01 12:13:00.000000
2023-05-01	SBO_0020_C06_110_f4	5	SBO_0020	2305H33916	2023-05-01 07:10:00.000000	2023-05-01 12:13:00.000000
2023-05-01	SBO_0020_C06_110_j3	5	SBO_0020	2305H33916	2023-05-01 07:26:00.000000	2023-05-01 12:13:00.000000
2023-05-01	SBO_0020_C06_110_h3	5	SBO_0020	2305H33916	2023-05-01 07:26:00.000000	2023-05-01 12:13:00.000000
2023-05-01	SBO_0020_C06_110_l4	5	SBO_0020	2305H33916	2023-05-01 07:26:00.000000	2023-05-01 12:13:00.000000
2023-05-01	SBO_0020_C06_110_l3	5	SBO_0020	2305H33916	2023-05-01 07:26:00.000000	2023-05-01 12:13:00.000000
2023-05-01	SBO_0020_C06_110_l2	5	SBO_0020	2305H33916	2023-05-01 07:26:00.000000	2023-05-01 12:13:00.000000
2023-05-01	SBO_0020_C06_110_l1	5	SBO_0020	2305H33916	2023-05-01 07:26:00.000000	2023-05-01 12:13:00.000000
2023-05-01	SBO_0020_C06_110_j4	5	SBO_0020	2305H33916	2023-05-01 07:26:00.000000	2023-05-01 12:13:00.000000
2023-05-01	SBO_0020_C06_110_j2	5	SBO_0020	2305H33916	2023-05-01 07:26:00.000000	2023-05-01 12:13:00.000000
2023-05-01	SBO_0020_C06_110_j1	5	SBO_0020	2305H33916	2023-05-01 07:26:00.000000	2023-05-01 12:13:00.000000
2023-05-01	SBO_0020_C06_110_h4	5	SBO_0020	2305H33916	2023-05-01 07:26:00.000000	2023-05-01 12:13:00.000000
2023-05-01	SBO_0020_C06_110_h1	5	SBO_0020	2305H33916	2023-05-01 07:26:00.000000	2023-05-01 12:13:00.000000
2023-05-01	SBO_0020_C06_110_h2	5	SBO_0020	2305H33916	2023-05-01 07:26:00.000000	2023-05-01 12:13:00.000000
2023-05-01	SBO_0020_C06_110_f1	5	SBO_0020	2305H33916	2023-05-01 07:26:00.000000	2023-05-01 12:13:00.000000
2023-05-01	SBO_0020_C06_110_f2	5	SBO_0020	2305H33916	2023-05-01 07:26:00.000000	2023-05-01 12:13:00.000000
2023-05-01	SBO_0020_C06_110_f3	5	SBO_0020	2305H33916	2023-05-01 07:26:00.000000	2023-05-01 12:13:00.000000
2023-05-01	SBO_0020_C06_110_f4	5	SBO_0020	2305H33916	2023-05-01 07:26:00.000000	2023-05-01 12:13:00.000000
2023-05-01	BIZ_0006_C03_409_SFN_j4	1	BIZ_0006	2305H34712	2023-05-01 08:57:00.000000	2023-05-01 10:11:00.000000
2023-05-01	BIZ_0006_C03_409_j3	1	BIZ_0006	2305H34712	2023-05-01 08:57:00.000000	2023-05-01 10:11:00.000000
2023-05-01	BIZ_0006_C03_409_j2	1	BIZ_0006	2305H34712	2023-05-01 08:57:00.000000	2023-05-01 10:11:00.000000
2023-05-01	BIZ_0006_C03_409_j1	1	BIZ_0006	2305H34712	2023-05-01 08:57:00.000000	2023-05-01 10:11:00.000000
2023-05-01	BIZ_0006_C03_409_SFN_l4	1	BIZ_0006	2305H34712	2023-05-01 08:57:00.000000	2023-05-01 10:11:00.000000
2023-05-01	BIZ_0006_C03_409_l3	1	BIZ_0006	2305H34712	2023-05-01 08:57:00.000000	2023-05-01 10:11:00.000000
2023-05-01	BIZ_0006_C03_409_l2	1	BIZ_0006	2305H34712	2023-05-01 08:57:00.000000	2023-05-01 10:11:00.000000
2023-05-01	BIZ_0006_C03_409_l1	1	BIZ_0006	2305H34712	2023-05-01 08:57:00.000000	2023-05-01 10:11:00.000000
2023-05-01	BIZ_0006_C03_409_h1	1	BIZ_0006	2305H34712	2023-05-01 08:57:00.000000	2023-05-01 10:11:00.000000
2023-05-01	BIZ_0006_C03_409_h2	1	BIZ_0006	2305H34712	2023-05-01 08:57:00.000000	2023-05-01 10:11:00.000000
2023-05-01	BIZ_0006_C03_409_h3	1	BIZ_0006	2305H34712	2023-05-01 08:57:00.000000	2023-05-01 10:11:00.000000
2023-05-01	BIZ_0006_C03_409_SFN_h4	1	BIZ_0006	2305H34712	2023-05-01 08:57:00.000000	2023-05-01 10:11:00.000000
2023-05-01	BIZ_0006_C03_409_f1	1	BIZ_0006	2305H34712	2023-05-01 08:57:00.000000	2023-05-01 10:11:00.000000
2023-05-01	BIZ_0006_C03_409_f2	1	BIZ_0006	2305H34712	2023-05-01 08:57:00.000000	2023-05-01 10:11:00.000000
2023-05-01	BIZ_0006_C03_409_f3	1	BIZ_0006	2305H34712	2023-05-01 08:57:00.000000	2023-05-01 10:11:00.000000
2023-05-01	BIZ_0006_C03_409_f4	1	BIZ_0006	2305H34712	2023-05-01 08:57:00.000000	2023-05-01 10:11:00.000000
2023-05-01	GAF_0032_C03_110_j3	2	GAF_0032	2305H34689	2023-05-01 09:01:00.000000	2023-05-01 09:47:00.000000
2023-05-01	GAF_0032_C03_110_j2	2	GAF_0032	2305H34689	2023-05-01 09:01:00.000000	2023-05-01 09:47:00.000000
2023-05-01	GAF_0032_C03_110_j1	2	GAF_0032	2305H34689	2023-05-01 09:01:00.000000	2023-05-01 09:47:00.000000
2023-05-01	GAF_0032_C03_110_l3	2	GAF_0032	2305H34689	2023-05-01 09:01:00.000000	2023-05-01 09:47:00.000000
2023-05-01	GAF_0032_C03_110_l2	2	GAF_0032	2305H34689	2023-05-01 09:01:00.000000	2023-05-01 09:47:00.000000
2023-05-01	GAF_0032_C03_110_l1	2	GAF_0032	2305H34689	2023-05-01 09:01:00.000000	2023-05-01 09:47:00.000000
2023-05-01	GAF_0032_C03_110_h1	2	GAF_0032	2305H34689	2023-05-01 09:01:00.000000	2023-05-01 09:47:00.000000
2023-05-01	GAF_0032_C03_110_h2	2	GAF_0032	2305H34689	2023-05-01 09:01:00.000000	2023-05-01 09:47:00.000000
2023-05-01	GAF_0032_C03_110_h3	2	GAF_0032	2305H34689	2023-05-01 09:01:00.000000	2023-05-01 09:47:00.000000
2023-05-01	GAF_0032_C03_110_f1	2	GAF_0032	2305H34689	2023-05-01 09:01:00.000000	2023-05-01 09:47:00.000000
2023-05-01	GAF_0032_C03_110_f2	2	GAF_0032	2305H34689	2023-05-01 09:01:00.000000	2023-05-01 09:47:00.000000
2023-05-01	GAF_0032_C03_110_f3	2	GAF_0032	2305H34689	2023-05-01 09:01:00.000000	2023-05-01 09:47:00.000000
2023-05-01	ZAG_0123_C02_116_j3	345	ZAG_0123	2305H35154	2023-05-01 10:18:00.000000	2023-05-01 11:56:00.000000
2023-05-01	ZAG_0123_C02_116_h3	0	ZAG_0123	2305H35154	2023-05-01 10:18:00.000000	2023-05-01 11:56:00.000000
2023-05-01	ZAG_0123_C02_116_f1	0	ZAG_0123	2305H35154	2023-05-01 10:18:00.000000	2023-05-01 11:56:00.000000
2023-05-01	ZAG_0123_C02_116_f2	0	ZAG_0123	2305H35154	2023-05-01 10:18:00.000000	2023-05-01 11:56:00.000000
2023-05-01	ZAG_0123_C02_116_f3	0	ZAG_0123	2305H35154	2023-05-01 10:18:00.000000	2023-05-01 11:56:00.000000
2023-05-01	BIZ_0071_C01_310_f3	110	BIZ_0071	2305H35219	2023-05-01 10:33:00.000000	2023-05-01 11:12:00.000000
2023-05-01	BIZ_0071_C01_310_f2	110	BIZ_0071	2305H35219	2023-05-01 10:33:00.000000	2023-05-01 11:12:00.000000
2023-05-01	BIZ_0071_C01_310_f1	110	BIZ_0071	2305H35219	2023-05-01 10:33:00.000000	2023-05-01 11:12:00.000000
2023-05-01	BIZ_0071_C01_310_h1	0	BIZ_0071	2305H35219	2023-05-01 10:33:00.000000	2023-05-01 11:12:00.000000
2023-05-01	BIZ_0071_C01_310_h2	0	BIZ_0071	2305H35219	2023-05-01 10:33:00.000000	2023-05-01 11:12:00.000000
2023-05-01	BIZ_0071_C01_310_h3	0	BIZ_0071	2305H35219	2023-05-01 10:33:00.000000	2023-05-01 11:12:00.000000
2023-05-01	SBO_0078_C01_321_f1	0	SBO_0078	2305H33916	2023-05-01 11:13:00.000000	2023-05-01 12:38:00.000000
2023-05-01	SBO_0078_C01_321_f4	0	SBO_0078	2305H33916	2023-05-01 11:13:00.000000	2023-05-01 12:38:00.000000
2023-05-01	SBO_0078_C01_321_f2	0	SBO_0078	2305H33916	2023-05-01 11:13:00.000000	2023-05-01 12:38:00.000000
2023-05-01	SBO_0078_C01_321_f3	0	SBO_0078	2305H33916	2023-05-01 11:13:00.000000	2023-05-01 12:38:00.000000
2023-05-01	SBO_0020_C06_110_j3	5	SBO_0020	2305H33916	2023-05-01 12:13:00.000000	2023-05-01 12:36:00.000000
2023-05-01	SBO_0020_C06_110_h3	5	SBO_0020	2305H33916	2023-05-01 12:13:00.000000	2023-05-01 12:36:00.000000
2023-05-01	SBO_0020_C06_110_l4	5	SBO_0020	2305H33916	2023-05-01 12:13:00.000000	2023-05-01 12:36:00.000000
2023-05-01	SBO_0020_C06_110_l3	5	SBO_0020	2305H33916	2023-05-01 12:13:00.000000	2023-05-01 12:36:00.000000
2023-05-01	SBO_0020_C06_110_l2	5	SBO_0020	2305H33916	2023-05-01 12:13:00.000000	2023-05-01 12:36:00.000000
2023-05-01	SBO_0020_C06_110_l1	5	SBO_0020	2305H33916	2023-05-01 12:13:00.000000	2023-05-01 12:36:00.000000
2023-05-01	SBO_0020_C06_110_j4	5	SBO_0020	2305H33916	2023-05-01 12:13:00.000000	2023-05-01 12:36:00.000000
2023-05-01	SBO_0020_C06_110_j2	5	SBO_0020	2305H33916	2023-05-01 12:13:00.000000	2023-05-01 12:36:00.000000
2023-05-01	SBO_0020_C06_110_j1	5	SBO_0020	2305H33916	2023-05-01 12:13:00.000000	2023-05-01 12:36:00.000000
2023-05-01	SBO_0020_C06_110_h4	5	SBO_0020	2305H33916	2023-05-01 12:13:00.000000	2023-05-01 12:36:00.000000
2023-05-01	SBO_0020_C06_110_h1	5	SBO_0020	2305H33916	2023-05-01 12:13:00.000000	2023-05-01 12:36:00.000000
2023-05-01	SBO_0020_C06_110_h2	5	SBO_0020	2305H33916	2023-05-01 12:13:00.000000	2023-05-01 12:36:00.000000
2023-05-01	SBO_0020_C06_110_f1	5	SBO_0020	2305H33916	2023-05-01 12:13:00.000000	2023-05-01 12:36:00.000000
2023-05-01	SBO_0020_C06_110_f2	5	SBO_0020	2305H33916	2023-05-01 12:13:00.000000	2023-05-01 12:36:00.000000
2023-05-01	SBO_0020_C06_110_f3	5	SBO_0020	2305H33916	2023-05-01 12:13:00.000000	2023-05-01 12:36:00.000000
2023-05-01	SBO_0020_C06_110_f4	5	SBO_0020	2305H33916	2023-05-01 12:13:00.000000	2023-05-01 12:36:00.000000
2023-05-01	SBO_0039_C05_116_j2	348	SBO_0039	2305H36116	2023-05-01 12:49:00.000000	2023-05-01 13:06:00.000000
2023-05-01	SBO_0039_C05_116_h2	348	SBO_0039	2305H36116	2023-05-01 12:49:00.000000	2023-05-01 13:06:00.000000
2023-05-01	SBO_0039_C05_116_j4	11	SBO_0039	2305H36116	2023-05-01 12:49:00.000000	2023-05-01 13:06:00.000000
2023-05-01	SBO_0039_C05_116_j3	11	SBO_0039	2305H36116	2023-05-01 12:49:00.000000	2023-05-01 13:06:00.000000
2023-05-01	SBO_0039_C05_116_j1	11	SBO_0039	2305H36116	2023-05-01 12:49:00.000000	2023-05-01 13:06:00.000000
2023-05-01	SBO_0039_C05_116_l4	8	SBO_0039	2305H36116	2023-05-01 12:49:00.000000	2023-05-01 13:06:00.000000
2023-05-01	SBO_0039_C05_116_l3	8	SBO_0039	2305H36116	2023-05-01 12:49:00.000000	2023-05-01 13:06:00.000000
2023-05-01	SBO_0039_C05_116_l2	739	SBO_0039	2305H36116	2023-05-01 12:49:00.000000	2023-05-01 13:06:00.000000
2023-05-01	SBO_0039_C05_116_l1	8	SBO_0039	2305H36116	2023-05-01 12:49:00.000000	2023-05-01 13:06:00.000000
2023-05-01	SBO_0039_C05_116_h4	8	SBO_0039	2305H36116	2023-05-01 12:49:00.000000	2023-05-01 13:06:00.000000
2023-05-01	SBO_0039_C05_116_h3	8	SBO_0039	2305H36116	2023-05-01 12:49:00.000000	2023-05-01 13:06:00.000000
2023-05-01	SBO_0039_C05_116_h1	8	SBO_0039	2305H36116	2023-05-01 12:49:00.000000	2023-05-01 13:06:00.000000
2023-05-01	SBO_0039_C05_116_f1	8	SBO_0039	2305H36116	2023-05-01 12:49:00.000000	2023-05-01 13:06:00.000000
2023-05-01	SBO_0039_C05_116_f4	8	SBO_0039	2305H36116	2023-05-01 12:49:00.000000	2023-05-01 13:06:00.000000
2023-05-01	SBO_0039_C05_116_f2	8	SBO_0039	2305H36116	2023-05-01 12:49:00.000000	2023-05-01 13:06:00.000000
2023-05-01	SBO_0039_C05_116_f3	8	SBO_0039	2305H36116	2023-05-01 12:49:00.000000	2023-05-01 13:06:00.000000
2023-05-01	SFA_0222_C01_416_f1	56	SFA_0222	2305H40914	2023-05-01 18:48:00.000000	2023-05-01 20:42:00.000000
2023-05-01	SFA_0222_C01_416_f4	56	SFA_0222	2305H40914	2023-05-01 18:48:00.000000	2023-05-01 20:42:00.000000
2023-05-01	SFA_0222_C01_416_f2	56	SFA_0222	2305H40914	2023-05-01 18:48:00.000000	2023-05-01 20:42:00.000000
2023-05-01	SFA_0222_C01_416_f3	56	SFA_0222	2305H40914	2023-05-01 18:48:00.000000	2023-05-01 20:42:00.000000
2023-05-01	SBO_0062_C02_218_l3	730	SBO_0062	2305H33916	2023-05-01 07:07:00.000000	2023-05-01 12:35:00.000000
2023-05-01	SBO_0062_C02_218_l2	730	SBO_0062	2305H33916	2023-05-01 07:07:00.000000	2023-05-01 12:35:00.000000
2023-05-01	SBO_0062_C02_218_l1	730	SBO_0062	2305H33916	2023-05-01 07:07:00.000000	2023-05-01 12:35:00.000000
2023-05-01	SBO_0062_C02_218_j3	0	SBO_0062	2305H33916	2023-05-01 07:07:00.000000	2023-05-01 12:35:00.000000
2023-05-01	SBO_0062_C02_218_j2	0	SBO_0062	2305H33916	2023-05-01 07:07:00.000000	2023-05-01 12:35:00.000000
2023-05-01	SBO_0062_C02_218_j1	0	SBO_0062	2305H33916	2023-05-01 07:07:00.000000	2023-05-01 12:35:00.000000
2023-05-01	SBO_0062_C02_218_h2	0	SBO_0062	2305H33916	2023-05-01 07:07:00.000000	2023-05-01 12:35:00.000000
2023-05-01	SBO_0062_C02_218_h3	0	SBO_0062	2305H33916	2023-05-01 07:07:00.000000	2023-05-01 12:35:00.000000
2023-05-01	SBO_0062_C02_218_h1	0	SBO_0062	2305H33916	2023-05-01 07:07:00.000000	2023-05-01 12:35:00.000000
2023-05-01	SBO_0062_C02_218_f1	0	SBO_0062	2305H33916	2023-05-01 07:07:00.000000	2023-05-01 12:35:00.000000
2023-05-01	SBO_0062_C02_218_f2	0	SBO_0062	2305H33916	2023-05-01 07:07:00.000000	2023-05-01 12:35:00.000000
2023-05-01	SBO_0062_C02_218_f3	0	SBO_0062	2305H33916	2023-05-01 07:07:00.000000	2023-05-01 12:35:00.000000
2023-05-01	SBO_0057_C01_217_l3	739	SBO_0057	2305H33916	2023-05-01 08:16:00.000000	2023-05-01 12:37:00.000000
2023-05-01	SBO_0057_C01_217_l2	739	SBO_0057	2305H33916	2023-05-01 08:16:00.000000	2023-05-01 12:37:00.000000
2023-05-01	SBO_0057_C01_217_l1	739	SBO_0057	2305H33916	2023-05-01 08:16:00.000000	2023-05-01 12:37:00.000000
2023-05-01	SBO_0057_C01_217_j3	739	SBO_0057	2305H33916	2023-05-01 08:16:00.000000	2023-05-01 12:37:00.000000
2023-05-01	SBO_0057_C01_217_h3	739	SBO_0057	2305H33916	2023-05-01 08:16:00.000000	2023-05-01 12:37:00.000000
2023-05-01	SBO_0057_C01_217_j1	0	SBO_0057	2305H33916	2023-05-01 08:16:00.000000	2023-05-01 12:37:00.000000
2023-05-01	SBO_0057_C01_217_j2	0	SBO_0057	2305H33916	2023-05-01 08:16:00.000000	2023-05-01 12:37:00.000000
2023-05-01	SBO_0057_C01_217_h1	0	SBO_0057	2305H33916	2023-05-01 08:16:00.000000	2023-05-01 12:37:00.000000
2023-05-01	SBO_0057_C01_217_h2	0	SBO_0057	2305H33916	2023-05-01 08:16:00.000000	2023-05-01 12:37:00.000000
2023-05-01	SBO_0057_C01_217_f1	0	SBO_0057	2305H33916	2023-05-01 08:16:00.000000	2023-05-01 12:37:00.000000
2023-05-01	SBO_0057_C01_217_f2	0	SBO_0057	2305H33916	2023-05-01 08:16:00.000000	2023-05-01 12:37:00.000000
2023-05-01	SBO_0057_C01_217_f3	0	SBO_0057	2305H33916	2023-05-01 08:16:00.000000	2023-05-01 12:37:00.000000
2023-05-01	GAF_0008_C02_110_j3	2	GAF_0008	2305H34689	2023-05-01 08:57:00.000000	2023-05-01 09:43:00.000000
2023-05-01	GAF_0008_C02_110_j2	2	GAF_0008	2305H34689	2023-05-01 08:57:00.000000	2023-05-01 09:43:00.000000
2023-05-01	GAF_0008_C02_110_j1	2	GAF_0008	2305H34689	2023-05-01 08:57:00.000000	2023-05-01 09:43:00.000000
2023-05-01	GAF_0008_C02_110_l3	2	GAF_0008	2305H34689	2023-05-01 08:57:00.000000	2023-05-01 09:43:00.000000
2023-05-01	GAF_0008_C02_110_l2	2	GAF_0008	2305H34689	2023-05-01 08:57:00.000000	2023-05-01 09:43:00.000000
2023-05-01	GAF_0008_C02_110_l1	2	GAF_0008	2305H34689	2023-05-01 08:57:00.000000	2023-05-01 09:43:00.000000
2023-05-01	GAF_0008_C02_110_h1	2	GAF_0008	2305H34689	2023-05-01 08:57:00.000000	2023-05-01 09:43:00.000000
2023-05-01	GAF_0008_C02_110_h2	2	GAF_0008	2305H34689	2023-05-01 08:57:00.000000	2023-05-01 09:43:00.000000
2023-05-01	GAF_0008_C02_110_h3	2	GAF_0008	2305H34689	2023-05-01 08:57:00.000000	2023-05-01 09:43:00.000000
2023-05-01	GAF_0008_C02_110_f1	2	GAF_0008	2305H34689	2023-05-01 08:57:00.000000	2023-05-01 09:43:00.000000
2023-05-01	GAF_0008_C02_110_f2	2	GAF_0008	2305H34689	2023-05-01 08:57:00.000000	2023-05-01 09:43:00.000000
2023-05-01	GAF_0008_C02_110_f3	2	GAF_0008	2305H34689	2023-05-01 08:57:00.000000	2023-05-01 09:43:00.000000
2023-05-01	TUN_0279_C01_115_j4	5	TUN_0279	2305H34944	2023-05-01 09:29:00.000000	2023-05-01 12:38:00.000000
2023-05-01	TUN_0279_C01_115_j3	5	TUN_0279	2305H34944	2023-05-01 09:29:00.000000	2023-05-01 12:38:00.000000
2023-05-01	TUN_0279_C01_115_j2	5	TUN_0279	2305H34944	2023-05-01 09:29:00.000000	2023-05-01 12:38:00.000000
2023-05-01	TUN_0279_C01_115_j1	5	TUN_0279	2305H34944	2023-05-01 09:29:00.000000	2023-05-01 12:38:00.000000
2023-05-01	TUN_0279_C01_115_l4	5	TUN_0279	2305H34944	2023-05-01 09:29:00.000000	2023-05-01 12:38:00.000000
2023-05-01	TUN_0279_C01_115_l3	5	TUN_0279	2305H34944	2023-05-01 09:29:00.000000	2023-05-01 12:38:00.000000
2023-05-01	TUN_0279_C01_115_l2	5	TUN_0279	2305H34944	2023-05-01 09:29:00.000000	2023-05-01 12:38:00.000000
2023-05-01	TUN_0279_C01_115_l1	5	TUN_0279	2305H34944	2023-05-01 09:29:00.000000	2023-05-01 12:38:00.000000
2023-05-01	SBO_0079_C02_421_h1	348	SBO_0079	2305H33916	2023-05-01 09:48:00.000000	2023-05-01 12:37:00.000000
2023-05-01	SBO_0079_C02_421_j1	348	SBO_0079	2305H33916	2023-05-01 09:48:00.000000	2023-05-01 12:37:00.000000
2023-05-01	SBO_0079_C02_421_f1	3	SBO_0079	2305H33916	2023-05-01 09:48:00.000000	2023-05-01 12:37:00.000000
2023-05-01	SBO_0079_C02_421_f2	3	SBO_0079	2305H33916	2023-05-01 09:48:00.000000	2023-05-01 12:37:00.000000
2023-05-01	SBO_0079_C02_421_f3	3	SBO_0079	2305H33916	2023-05-01 09:48:00.000000	2023-05-01 12:37:00.000000
2023-05-01	SBO_0033_C01_115_j3	0	SBO_0033	2305H34402	2023-05-01 11:25:00.000000	2023-05-01 12:40:00.000000
2023-05-01	SBO_0033_C01_115_j2	731	SBO_0033	2305H34402	2023-05-01 11:25:00.000000	2023-05-01 12:40:00.000000
2023-05-01	SBO_0033_C01_115_j1	0	SBO_0033	2305H34402	2023-05-01 11:25:00.000000	2023-05-01 12:40:00.000000
2023-05-01	SBO_0033_C01_115_h3	0	SBO_0033	2305H34402	2023-05-01 11:25:00.000000	2023-05-01 12:40:00.000000
2023-05-01	SBO_0033_C01_115_h1	0	SBO_0033	2305H34402	2023-05-01 11:25:00.000000	2023-05-01 12:40:00.000000
2023-05-01	MED_0065_C04_110_l1	1	MED_0065	2305H35821	2023-05-01 12:20:00.000000	2023-05-01 12:46:00.000000
2023-05-01	MED_0065_C04_110_l2	1	MED_0065	2305H35821	2023-05-01 12:20:00.000000	2023-05-01 12:46:00.000000
2023-05-01	MED_0065_C04_110_l3	1	MED_0065	2305H35821	2023-05-01 12:20:00.000000	2023-05-01 12:46:00.000000
2023-05-01	MED_0065_C04_110_j1	1	MED_0065	2305H35821	2023-05-01 12:20:00.000000	2023-05-01 12:46:00.000000
2023-05-01	MED_0065_C04_110_j2	1	MED_0065	2305H35821	2023-05-01 12:20:00.000000	2023-05-01 12:46:00.000000
2023-05-01	MED_0065_C04_110_j3	1	MED_0065	2305H35821	2023-05-01 12:20:00.000000	2023-05-01 12:46:00.000000
2023-05-01	MED_0065_C04_110_h3	1	MED_0065	2305H35821	2023-05-01 12:20:00.000000	2023-05-01 12:46:00.000000
2023-05-01	MED_0065_C04_110_h2	1	MED_0065	2305H35821	2023-05-01 12:20:00.000000	2023-05-01 12:46:00.000000
2023-05-01	MED_0065_C04_110_h1	1	MED_0065	2305H35821	2023-05-01 12:20:00.000000	2023-05-01 12:46:00.000000
2023-05-01	MED_0065_C04_110_f1	1	MED_0065	2305H35821	2023-05-01 12:20:00.000000	2023-05-01 12:46:00.000000
2023-05-01	MED_0065_C04_110_f2	1	MED_0065	2305H35821	2023-05-01 12:20:00.000000	2023-05-01 12:46:00.000000
2023-05-01	MED_0065_C04_110_f3	1	MED_0065	2305H35821	2023-05-01 12:20:00.000000	2023-05-01 12:46:00.000000
2023-05-01	MED_0065_C04_110_l1	1	MED_0065	2305H35821	2023-05-01 12:28:00.000000	2023-05-01 12:46:00.000000
2023-05-01	MED_0065_C04_110_l2	1	MED_0065	2305H35821	2023-05-01 12:28:00.000000	2023-05-01 12:46:00.000000
2023-05-01	MED_0065_C04_110_l3	1	MED_0065	2305H35821	2023-05-01 12:28:00.000000	2023-05-01 12:46:00.000000
2023-05-01	MED_0065_C04_110_j1	1	MED_0065	2305H35821	2023-05-01 12:28:00.000000	2023-05-01 12:46:00.000000
2023-05-01	MED_0065_C04_110_j2	1	MED_0065	2305H35821	2023-05-01 12:28:00.000000	2023-05-01 12:46:00.000000
2023-05-01	MED_0065_C04_110_j3	1	MED_0065	2305H35821	2023-05-01 12:28:00.000000	2023-05-01 12:46:00.000000
2023-05-01	MED_0065_C04_110_h3	1	MED_0065	2305H35821	2023-05-01 12:28:00.000000	2023-05-01 12:46:00.000000
2023-05-01	MED_0065_C04_110_h2	1	MED_0065	2305H35821	2023-05-01 12:28:00.000000	2023-05-01 12:46:00.000000
2023-05-01	MED_0065_C04_110_h1	1	MED_0065	2305H35821	2023-05-01 12:28:00.000000	2023-05-01 12:46:00.000000
2023-05-01	MED_0065_C04_110_f1	1	MED_0065	2305H35821	2023-05-01 12:28:00.000000	2023-05-01 12:46:00.000000
2023-05-01	MED_0065_C04_110_f2	1	MED_0065	2305H35821	2023-05-01 12:28:00.000000	2023-05-01 12:46:00.000000
2023-05-01	MED_0065_C04_110_f3	1	MED_0065	2305H35821	2023-05-01 12:28:00.000000	2023-05-01 12:46:00.000000
2023-05-01	SBO_0021_C06_110_j3	348	SBO_0021	2305H33916	2023-05-01 08:12:00.000000	2023-05-01 10:36:00.000000
2023-05-01	SBO_0021_C06_110_f1	3	SBO_0021	2305H33916	2023-05-01 08:12:00.000000	2023-05-01 10:36:00.000000
2023-05-01	SBO_0021_C06_110_f2	3	SBO_0021	2305H33916	2023-05-01 08:12:00.000000	2023-05-01 10:36:00.000000
2023-05-01	SBO_0021_C06_110_f3	3	SBO_0021	2305H33916	2023-05-01 08:12:00.000000	2023-05-01 10:36:00.000000
2023-05-01	SBO_0021_C06_110_h1	3	SBO_0021	2305H33916	2023-05-01 08:12:00.000000	2023-05-01 10:36:00.000000
2023-05-01	SBO_0021_C06_110_h2	3	SBO_0021	2305H33916	2023-05-01 08:12:00.000000	2023-05-01 10:36:00.000000
2023-05-01	SBO_0021_C06_110_h3	3	SBO_0021	2305H33916	2023-05-01 08:12:00.000000	2023-05-01 10:36:00.000000
2023-05-01	SBO_0056_C01_217_l3	741	SBO_0056	2305H33916	2023-05-01 10:31:00.000000	2023-05-01 13:06:00.000000
2023-05-01	SBO_0056_C01_217_l2	741	SBO_0056	2305H33916	2023-05-01 10:31:00.000000	2023-05-01 13:06:00.000000
2023-05-01	SBO_0056_C01_217_l1	741	SBO_0056	2305H33916	2023-05-01 10:31:00.000000	2023-05-01 13:06:00.000000
2023-05-01	SBO_0056_C01_217_j3	0	SBO_0056	2305H33916	2023-05-01 10:31:00.000000	2023-05-01 13:06:00.000000
2023-05-01	SBO_0056_C01_217_j2	0	SBO_0056	2305H33916	2023-05-01 10:31:00.000000	2023-05-01 13:06:00.000000
2023-05-01	SBO_0056_C01_217_j1	0	SBO_0056	2305H33916	2023-05-01 10:31:00.000000	2023-05-01 13:06:00.000000
2023-05-01	SBO_0056_C01_217_h3	0	SBO_0056	2305H33916	2023-05-01 10:31:00.000000	2023-05-01 13:06:00.000000
2023-05-01	SBO_0056_C01_217_h2	0	SBO_0056	2305H33916	2023-05-01 10:31:00.000000	2023-05-01 13:06:00.000000
2023-05-01	SBO_0056_C01_217_h1	0	SBO_0056	2305H33916	2023-05-01 10:31:00.000000	2023-05-01 13:06:00.000000
2023-05-01	SBO_0056_C01_217_f1	0	SBO_0056	2305H33916	2023-05-01 10:31:00.000000	2023-05-01 13:06:00.000000
2023-05-01	SBO_0056_C01_217_f2	0	SBO_0056	2305H33916	2023-05-01 10:31:00.000000	2023-05-01 13:06:00.000000
2023-05-01	SBO_0056_C01_217_f3	0	SBO_0056	2305H33916	2023-05-01 10:31:00.000000	2023-05-01 13:06:00.000000
2023-05-01	SBO_0021_C06_110_j3	348	SBO_0021	2305H33916	2023-05-01 10:36:00.000000	2023-05-01 12:50:00.000000
2023-05-01	SBO_0021_C06_110_f1	3	SBO_0021	2305H33916	2023-05-01 10:36:00.000000	2023-05-01 12:50:00.000000
2023-05-01	SBO_0021_C06_110_f2	3	SBO_0021	2305H33916	2023-05-01 10:36:00.000000	2023-05-01 12:50:00.000000
2023-05-01	SBO_0021_C06_110_f3	3	SBO_0021	2305H33916	2023-05-01 10:36:00.000000	2023-05-01 12:50:00.000000
2023-05-01	SBO_0021_C06_110_h1	3	SBO_0021	2305H33916	2023-05-01 10:36:00.000000	2023-05-01 12:50:00.000000
2023-05-01	SBO_0021_C06_110_h2	3	SBO_0021	2305H33916	2023-05-01 10:36:00.000000	2023-05-01 12:50:00.000000
2023-05-01	SBO_0021_C06_110_h3	3	SBO_0021	2305H33916	2023-05-01 10:36:00.000000	2023-05-01 12:50:00.000000
2023-05-01	SBO_0015_C04_110_j1	6	SBO_0015	2305H33916	2023-05-01 07:18:00.000000	2023-05-01 10:48:00.000000
2023-05-01	SBO_0015_C04_110_h1	6	SBO_0015	2305H33916	2023-05-01 07:18:00.000000	2023-05-01 10:48:00.000000
2023-05-01	SBO_0015_C04_110_j4	743	SBO_0015	2305H33916	2023-05-01 07:18:00.000000	2023-05-01 10:48:00.000000
2023-05-01	SBO_0015_C04_110_j3	743	SBO_0015	2305H33916	2023-05-01 07:18:00.000000	2023-05-01 10:48:00.000000
2023-05-01	SBO_0015_C04_110_j2	743	SBO_0015	2305H33916	2023-05-01 07:18:00.000000	2023-05-01 10:48:00.000000
2023-05-01	SBO_0015_C04_110_l4	6	SBO_0015	2305H33916	2023-05-01 07:18:00.000000	2023-05-01 10:48:00.000000
2023-05-01	SBO_0015_C04_110_l3	6	SBO_0015	2305H33916	2023-05-01 07:18:00.000000	2023-05-01 10:48:00.000000
2023-05-01	SBO_0015_C04_110_l2	6	SBO_0015	2305H33916	2023-05-01 07:18:00.000000	2023-05-01 10:48:00.000000
2023-05-01	SBO_0015_C04_110_l1	6	SBO_0015	2305H33916	2023-05-01 07:18:00.000000	2023-05-01 10:48:00.000000
2023-05-01	SBO_0015_C04_110_h3	6	SBO_0015	2305H33916	2023-05-01 07:18:00.000000	2023-05-01 10:48:00.000000
2023-05-01	SBO_0015_C04_110_h2	6	SBO_0015	2305H33916	2023-05-01 07:18:00.000000	2023-05-01 10:48:00.000000
2023-05-01	SBO_0015_C04_110_h4	6	SBO_0015	2305H33916	2023-05-01 07:18:00.000000	2023-05-01 10:48:00.000000
2023-05-01	SBO_0015_C04_110_f1	6	SBO_0015	2305H33916	2023-05-01 07:18:00.000000	2023-05-01 10:48:00.000000
2023-05-01	SBO_0015_C04_110_f2	6	SBO_0015	2305H33916	2023-05-01 07:18:00.000000	2023-05-01 10:48:00.000000
2023-05-01	SBO_0015_C04_110_f3	6	SBO_0015	2305H33916	2023-05-01 07:18:00.000000	2023-05-01 10:48:00.000000
2023-05-01	SBO_0015_C04_110_f4	6	SBO_0015	2305H33916	2023-05-01 07:18:00.000000	2023-05-01 10:48:00.000000
2023-05-01	SBO_0085_C02_421_j1	0	SBO_0085	2305H34842	2023-05-01 10:25:00.000000	2023-05-01 13:04:00.000000
2023-05-01	SBO_0085_C02_421_j2	0	SBO_0085	2305H34842	2023-05-01 10:25:00.000000	2023-05-01 13:04:00.000000
2023-05-01	SBO_0085_C02_421_j3	0	SBO_0085	2305H34842	2023-05-01 10:25:00.000000	2023-05-01 13:04:00.000000
2023-05-01	SBO_0085_C02_421_j4	0	SBO_0085	2305H34842	2023-05-01 10:25:00.000000	2023-05-01 13:04:00.000000
2023-05-01	SBO_0085_C02_421_l1	0	SBO_0085	2305H34842	2023-05-01 10:25:00.000000	2023-05-01 13:04:00.000000
2023-05-01	SBO_0085_C02_421_l2	0	SBO_0085	2305H34842	2023-05-01 10:25:00.000000	2023-05-01 13:04:00.000000
2023-05-01	SBO_0085_C02_421_l3	0	SBO_0085	2305H34842	2023-05-01 10:25:00.000000	2023-05-01 13:04:00.000000
2023-05-01	SBO_0085_C02_421_l4	0	SBO_0085	2305H34842	2023-05-01 10:25:00.000000	2023-05-01 13:04:00.000000
2023-05-01	SBO_0085_C02_421_f1	0	SBO_0085	2305H34842	2023-05-01 10:25:00.000000	2023-05-01 13:04:00.000000
2023-05-01	SBO_0085_C02_421_f4	0	SBO_0085	2305H34842	2023-05-01 10:25:00.000000	2023-05-01 13:04:00.000000
2023-05-01	SBO_0085_C02_421_h4	0	SBO_0085	2305H34842	2023-05-01 10:25:00.000000	2023-05-01 13:04:00.000000
2023-05-01	SBO_0085_C02_421_f2	0	SBO_0085	2305H34842	2023-05-01 10:25:00.000000	2023-05-01 13:04:00.000000
2023-05-01	SBO_0085_C02_421_f3	0	SBO_0085	2305H34842	2023-05-01 10:25:00.000000	2023-05-01 13:04:00.000000
2023-05-01	SBO_0085_C02_421_h1	0	SBO_0085	2305H34842	2023-05-01 10:25:00.000000	2023-05-01 13:04:00.000000
2023-05-01	SBO_0085_C02_421_h2	0	SBO_0085	2305H34842	2023-05-01 10:25:00.000000	2023-05-01 13:04:00.000000
2023-05-01	SBO_0085_C02_421_h3	0	SBO_0085	2305H34842	2023-05-01 10:25:00.000000	2023-05-01 13:04:00.000000
2023-05-01	SBO_0015_C04_110_j1	6	SBO_0015	2305H33916	2023-05-01 10:48:00.000000	2023-05-01 12:50:00.000000
2023-05-01	SBO_0015_C04_110_h1	6	SBO_0015	2305H33916	2023-05-01 10:48:00.000000	2023-05-01 12:50:00.000000
2023-05-01	SBO_0015_C04_110_j4	743	SBO_0015	2305H33916	2023-05-01 10:48:00.000000	2023-05-01 12:50:00.000000
2023-05-01	SBO_0015_C04_110_j3	743	SBO_0015	2305H33916	2023-05-01 10:48:00.000000	2023-05-01 12:50:00.000000
2023-05-01	SBO_0015_C04_110_j2	743	SBO_0015	2305H33916	2023-05-01 10:48:00.000000	2023-05-01 12:50:00.000000
2023-05-01	SBO_0015_C04_110_l4	6	SBO_0015	2305H33916	2023-05-01 10:48:00.000000	2023-05-01 12:50:00.000000
2023-05-01	SBO_0015_C04_110_l3	6	SBO_0015	2305H33916	2023-05-01 10:48:00.000000	2023-05-01 12:50:00.000000
2023-05-01	SBO_0015_C04_110_l2	6	SBO_0015	2305H33916	2023-05-01 10:48:00.000000	2023-05-01 12:50:00.000000
2023-05-01	SBO_0015_C04_110_l1	6	SBO_0015	2305H33916	2023-05-01 10:48:00.000000	2023-05-01 12:50:00.000000
2023-05-01	SBO_0015_C04_110_h3	6	SBO_0015	2305H33916	2023-05-01 10:48:00.000000	2023-05-01 12:50:00.000000
2023-05-01	SBO_0015_C04_110_h2	6	SBO_0015	2305H33916	2023-05-01 10:48:00.000000	2023-05-01 12:50:00.000000
2023-05-01	SBO_0015_C04_110_h4	6	SBO_0015	2305H33916	2023-05-01 10:48:00.000000	2023-05-01 12:50:00.000000
2023-05-01	SBO_0015_C04_110_f1	6	SBO_0015	2305H33916	2023-05-01 10:48:00.000000	2023-05-01 12:50:00.000000
2023-05-01	SBO_0015_C04_110_f2	6	SBO_0015	2305H33916	2023-05-01 10:48:00.000000	2023-05-01 12:50:00.000000
2023-05-01	SBO_0015_C04_110_f3	6	SBO_0015	2305H33916	2023-05-01 10:48:00.000000	2023-05-01 12:50:00.000000
2023-05-01	SBO_0015_C04_110_f4	6	SBO_0015	2305H33916	2023-05-01 10:48:00.000000	2023-05-01 12:50:00.000000
2023-05-01	TUN_0011_C02_309_j2	0	TUN_0011	2305H39711	2023-05-01 19:24:00.000000	2023-05-01 19:39:00.000000
2023-05-01	TUN_0011_C02_309_j1	0	TUN_0011	2305H39711	2023-05-01 19:24:00.000000	2023-05-01 19:39:00.000000
2023-05-01	TUN_0011_C02_309_j4	0	TUN_0011	2305H39711	2023-05-01 19:24:00.000000	2023-05-01 19:39:00.000000
2023-05-01	TUN_0011_C02_309_j3	0	TUN_0011	2305H39711	2023-05-01 19:24:00.000000	2023-05-01 19:39:00.000000
2023-05-01	TUN_0011_C02_309_l4	0	TUN_0011	2305H39711	2023-05-01 19:24:00.000000	2023-05-01 19:39:00.000000
2023-05-01	TUN_0011_C02_309_l2	0	TUN_0011	2305H39711	2023-05-01 19:24:00.000000	2023-05-01 19:39:00.000000
2023-05-01	TUN_0011_C02_309_l1	0	TUN_0011	2305H39711	2023-05-01 19:24:00.000000	2023-05-01 19:39:00.000000
2023-05-01	TUN_0011_C02_309_l3	0	TUN_0011	2305H39711	2023-05-01 19:24:00.000000	2023-05-01 19:39:00.000000
2023-05-01	TUN_0011_C02_309_h1	0	TUN_0011	2305H39711	2023-05-01 19:24:00.000000	2023-05-01 19:39:00.000000
2023-05-01	TUN_0011_C02_309_h2	0	TUN_0011	2305H39711	2023-05-01 19:24:00.000000	2023-05-01 19:39:00.000000
2023-05-01	TUN_0011_C02_309_h4	0	TUN_0011	2305H39711	2023-05-01 19:24:00.000000	2023-05-01 19:39:00.000000
2023-05-01	TUN_0011_C02_309_h3	0	TUN_0011	2305H39711	2023-05-01 19:24:00.000000	2023-05-01 19:39:00.000000
2023-05-01	TUN_0011_C02_309_f1	0	TUN_0011	2305H39711	2023-05-01 19:24:00.000000	2023-05-01 19:39:00.000000
2023-05-01	TUN_0011_C02_309_f2	0	TUN_0011	2305H39711	2023-05-01 19:24:00.000000	2023-05-01 19:39:00.000000
2023-05-01	TUN_0011_C02_309_f3	0	TUN_0011	2305H39711	2023-05-01 19:24:00.000000	2023-05-01 19:39:00.000000
2023-05-01	TUN_0011_C02_309_f4	0	TUN_0011	2305H39711	2023-05-01 19:24:00.000000	2023-05-01 19:39:00.000000
2023-05-01	SBO_0077_C01_309_l3	348	SBO_0077	2305H33916	2023-05-01 08:30:00.000000	2023-05-01 12:41:00.000000
2023-05-01	SBO_0077_C01_309_l1	348	SBO_0077	2305H33916	2023-05-01 08:30:00.000000	2023-05-01 12:41:00.000000
2023-05-01	SBO_0077_C01_309_l4	348	SBO_0077	2305H33916	2023-05-01 08:30:00.000000	2023-05-01 12:41:00.000000
2023-05-01	SBO_0077_C01_309_j4	728	SBO_0077	2305H33916	2023-05-01 08:30:00.000000	2023-05-01 12:41:00.000000
2023-05-01	SBO_0077_C01_309_j3	728	SBO_0077	2305H33916	2023-05-01 08:30:00.000000	2023-05-01 12:41:00.000000
2023-05-01	SBO_0077_C01_309_j1	728	SBO_0077	2305H33916	2023-05-01 08:30:00.000000	2023-05-01 12:41:00.000000
2023-05-01	SBO_0077_C01_309_j2	728	SBO_0077	2305H33916	2023-05-01 08:30:00.000000	2023-05-01 12:41:00.000000
2023-05-01	SBO_0077_C01_309_h2	728	SBO_0077	2305H33916	2023-05-01 08:30:00.000000	2023-05-01 12:41:00.000000
2023-05-01	SBO_0077_C01_309_h4	0	SBO_0077	2305H33916	2023-05-01 08:30:00.000000	2023-05-01 12:41:00.000000
2023-05-01	SBO_0077_C01_309_h3	0	SBO_0077	2305H33916	2023-05-01 08:30:00.000000	2023-05-01 12:41:00.000000
2023-05-01	SBO_0077_C01_309_h1	0	SBO_0077	2305H33916	2023-05-01 08:30:00.000000	2023-05-01 12:41:00.000000
2023-05-01	SBO_0077_C01_309_f1	0	SBO_0077	2305H33916	2023-05-01 08:30:00.000000	2023-05-01 12:41:00.000000
2023-05-01	SBO_0077_C01_309_f4	0	SBO_0077	2305H33916	2023-05-01 08:30:00.000000	2023-05-01 12:41:00.000000
2023-05-01	SBO_0077_C01_309_f2	0	SBO_0077	2305H33916	2023-05-01 08:30:00.000000	2023-05-01 12:41:00.000000
2023-05-01	SBO_0077_C01_309_f3	0	SBO_0077	2305H33916	2023-05-01 08:30:00.000000	2023-05-01 12:41:00.000000
2023-05-01	BIZ_0082_C02_212_j3	0	BIZ_0082	2305H34712	2023-05-01 08:56:00.000000	2023-05-01 10:12:00.000000
2023-05-01	BIZ_0082_C02_212_j2	0	BIZ_0082	2305H34712	2023-05-01 08:56:00.000000	2023-05-01 10:12:00.000000
2023-05-01	BIZ_0082_C02_212_j1	0	BIZ_0082	2305H34712	2023-05-01 08:56:00.000000	2023-05-01 10:12:00.000000
2023-05-01	BIZ_0082_C02_212_l3	0	BIZ_0082	2305H34712	2023-05-01 08:56:00.000000	2023-05-01 10:12:00.000000
2023-05-01	BIZ_0082_C02_212_l2	0	BIZ_0082	2305H34712	2023-05-01 08:56:00.000000	2023-05-01 10:12:00.000000
2023-05-01	BIZ_0082_C02_212_l1	0	BIZ_0082	2305H34712	2023-05-01 08:56:00.000000	2023-05-01 10:12:00.000000
2023-05-01	BIZ_0082_C02_212_f2	0	BIZ_0082	2305H34712	2023-05-01 08:56:00.000000	2023-05-01 10:12:00.000000
2023-05-01	BIZ_0082_C02_212_f3	0	BIZ_0082	2305H34712	2023-05-01 08:56:00.000000	2023-05-01 10:12:00.000000
2023-05-01	BIZ_0082_C02_212_f1	0	BIZ_0082	2305H34712	2023-05-01 08:56:00.000000	2023-05-01 10:12:00.000000
2023-05-01	BIZ_0082_C02_212_h1	0	BIZ_0082	2305H34712	2023-05-01 08:56:00.000000	2023-05-01 10:12:00.000000
2023-05-01	BIZ_0082_C02_212_h2	0	BIZ_0082	2305H34712	2023-05-01 08:56:00.000000	2023-05-01 10:12:00.000000
2023-05-01	BIZ_0082_C02_212_h3	0	BIZ_0082	2305H34712	2023-05-01 08:56:00.000000	2023-05-01 10:12:00.000000
2023-05-01	KEF_0038_C03_217_f1	8	KEF_0038	2305H35336	2023-05-01 10:50:00.000000	2023-05-01 19:26:00.000000
2023-05-01	KEF_0038_C03_217_f2	8	KEF_0038	2305H35336	2023-05-01 10:50:00.000000	2023-05-01 19:26:00.000000
2023-05-01	KEF_0038_C03_217_f3	8	KEF_0038	2305H35336	2023-05-01 10:50:00.000000	2023-05-01 19:26:00.000000
2023-05-01	BIZ_0038_C01_409_j1	0	BIZ_0038	2305H34560	2023-05-01 11:04:00.000000	2023-05-01 11:21:00.000000
2023-05-01	BIZ_0038_C01_409_l1	0	BIZ_0038	2305H34560	2023-05-01 11:04:00.000000	2023-05-01 11:21:00.000000
2023-05-01	BIZ_0038_C01_409_f1	0	BIZ_0038	2305H34560	2023-05-01 11:04:00.000000	2023-05-01 11:21:00.000000
2023-05-01	BIZ_0038_C01_409_f2	0	BIZ_0038	2305H34560	2023-05-01 11:04:00.000000	2023-05-01 11:21:00.000000
2023-05-01	BIZ_0038_C01_409_f3	0	BIZ_0038	2305H34560	2023-05-01 11:04:00.000000	2023-05-01 11:21:00.000000
2023-05-01	BIZ_0038_C01_409_h1	0	BIZ_0038	2305H34560	2023-05-01 11:04:00.000000	2023-05-01 11:21:00.000000
2023-05-01	BIZ_0038_C01_409_j1	0	BIZ_0038	2305H34560	2023-05-01 11:12:00.000000	2023-05-01 11:22:00.000000
2023-05-01	BIZ_0038_C01_409_l1	0	BIZ_0038	2305H34560	2023-05-01 11:12:00.000000	2023-05-01 11:22:00.000000
2023-05-01	BIZ_0038_C01_409_f1	0	BIZ_0038	2305H34560	2023-05-01 11:12:00.000000	2023-05-01 11:22:00.000000
2023-05-01	BIZ_0038_C01_409_f2	0	BIZ_0038	2305H34560	2023-05-01 11:12:00.000000	2023-05-01 11:22:00.000000
2023-05-01	BIZ_0038_C01_409_f3	0	BIZ_0038	2305H34560	2023-05-01 11:12:00.000000	2023-05-01 11:22:00.000000
2023-05-01	BIZ_0038_C01_409_h1	0	BIZ_0038	2305H34560	2023-05-01 11:12:00.000000	2023-05-01 11:22:00.000000
2023-05-01	SBO_0009_C06_110_l1	2	SBO_0009	2305H35686	2023-05-01 11:54:00.000000	2023-05-01 15:03:00.000000
2023-05-01	SBO_0009_C06_110_l3	2	SBO_0009	2305H35686	2023-05-01 11:54:00.000000	2023-05-01 15:03:00.000000
2023-05-01	SBO_0009_C06_110_j3	727	SBO_0009	2305H35686	2023-05-01 11:54:00.000000	2023-05-01 15:03:00.000000
2023-05-01	SBO_0009_C06_110_j2	727	SBO_0009	2305H35686	2023-05-01 11:54:00.000000	2023-05-01 15:03:00.000000
2023-05-01	SBO_0009_C06_110_j1	2	SBO_0009	2305H35686	2023-05-01 11:54:00.000000	2023-05-01 15:03:00.000000
2023-05-01	SBO_0009_C06_110_l2	1	SBO_0009	2305H35686	2023-05-01 11:54:00.000000	2023-05-01 15:03:00.000000
2023-05-01	SBO_0009_C06_110_h1	2	SBO_0009	2305H35686	2023-05-01 11:54:00.000000	2023-05-01 15:03:00.000000
2023-05-01	SBO_0009_C06_110_h2	2	SBO_0009	2305H35686	2023-05-01 11:54:00.000000	2023-05-01 15:03:00.000000
2023-05-01	SBO_0009_C06_110_h3	1	SBO_0009	2305H35686	2023-05-01 11:54:00.000000	2023-05-01 15:03:00.000000
2023-05-01	SBO_0009_C06_110_f1	2	SBO_0009	2305H35686	2023-05-01 11:54:00.000000	2023-05-01 15:03:00.000000
2023-05-01	SBO_0009_C06_110_f2	2	SBO_0009	2305H35686	2023-05-01 11:54:00.000000	2023-05-01 15:03:00.000000
2023-05-01	SBO_0009_C06_110_f3	2	SBO_0009	2305H35686	2023-05-01 11:54:00.000000	2023-05-01 15:03:00.000000
2023-05-01	KAI_0055_C02_116_j1	348	KAI_0055	2305H35734	2023-05-01 11:58:00.000000	2023-05-01 12:09:00.000000
2023-05-01	KAI_0055_C02_116_j2	0	KAI_0055	2305H35734	2023-05-01 11:58:00.000000	2023-05-01 12:09:00.000000
2023-05-01	KAI_0055_C02_116_h2	0	KAI_0055	2305H35734	2023-05-01 11:58:00.000000	2023-05-01 12:09:00.000000
2023-05-01	KAI_0055_C02_116_h4	0	KAI_0055	2305H35734	2023-05-01 11:58:00.000000	2023-05-01 12:09:00.000000
2023-05-01	KAI_0055_C02_116_h3	0	KAI_0055	2305H35734	2023-05-01 11:58:00.000000	2023-05-01 12:09:00.000000
2023-05-01	SFA_0121_C03_110_l3	743	SFA_0121	2305H33985	2023-05-01 12:07:00.000000	2023-05-01 15:17:00.000000
2023-05-01	SFA_0121_C03_110_l2	743	SFA_0121	2305H33985	2023-05-01 12:07:00.000000	2023-05-01 15:17:00.000000
2023-05-01	SFA_0121_C03_110_l1	743	SFA_0121	2305H33985	2023-05-01 12:07:00.000000	2023-05-01 15:17:00.000000
2023-05-01	SFA_0121_C03_110_l4	743	SFA_0121	2305H33985	2023-05-01 12:07:00.000000	2023-05-01 15:17:00.000000
2023-05-01	SFA_0121_C03_110_j4	743	SFA_0121	2305H33985	2023-05-01 12:07:00.000000	2023-05-01 15:17:00.000000
2023-05-01	SFA_0121_C03_110_j3	743	SFA_0121	2305H33985	2023-05-01 12:07:00.000000	2023-05-01 15:17:00.000000
2023-05-01	SFA_0121_C03_110_j2	743	SFA_0121	2305H33985	2023-05-01 12:07:00.000000	2023-05-01 15:17:00.000000
2023-05-01	SFA_0121_C03_110_j1	743	SFA_0121	2305H33985	2023-05-01 12:07:00.000000	2023-05-01 15:17:00.000000
2023-05-01	SFA_0121_C03_110_h1	3	SFA_0121	2305H33985	2023-05-01 12:07:00.000000	2023-05-01 15:17:00.000000
2023-05-01	SFA_0121_C03_110_h2	6	SFA_0121	2305H33985	2023-05-01 12:07:00.000000	2023-05-01 15:17:00.000000
2023-05-01	SFA_0121_C03_110_h3	3	SFA_0121	2305H33985	2023-05-01 12:07:00.000000	2023-05-01 15:17:00.000000
2023-05-01	SFA_0121_C03_110_h4	3	SFA_0121	2305H33985	2023-05-01 12:07:00.000000	2023-05-01 15:17:00.000000
2023-05-01	SFA_0121_C03_110_f4	3	SFA_0121	2305H33985	2023-05-01 12:07:00.000000	2023-05-01 15:17:00.000000
2023-05-01	SFA_0121_C03_110_f1	3	SFA_0121	2305H33985	2023-05-01 12:07:00.000000	2023-05-01 15:17:00.000000
2023-05-01	SFA_0121_C03_110_f2	3	SFA_0121	2305H33985	2023-05-01 12:07:00.000000	2023-05-01 15:17:00.000000
2023-05-01	SFA_0121_C03_110_f3	3	SFA_0121	2305H33985	2023-05-01 12:07:00.000000	2023-05-01 15:17:00.000000
2023-05-01	SBO_0077_C01_309_l3	348	SBO_0077	2305H41244	2023-05-01 20:01:00.000000	2023-05-01 21:15:00.000000
2023-05-01	SBO_0077_C01_309_l1	348	SBO_0077	2305H41244	2023-05-01 20:01:00.000000	2023-05-01 21:15:00.000000
2023-05-01	SBO_0077_C01_309_l4	348	SBO_0077	2305H41244	2023-05-01 20:01:00.000000	2023-05-01 21:15:00.000000
2023-05-01	SBO_0077_C01_309_j4	728	SBO_0077	2305H41244	2023-05-01 20:01:00.000000	2023-05-01 21:15:00.000000
2023-05-01	SBO_0077_C01_309_j3	728	SBO_0077	2305H41244	2023-05-01 20:01:00.000000	2023-05-01 21:15:00.000000
2023-05-01	SBO_0077_C01_309_j1	728	SBO_0077	2305H41244	2023-05-01 20:01:00.000000	2023-05-01 21:15:00.000000
2023-05-01	SBO_0077_C01_309_j2	728	SBO_0077	2305H41244	2023-05-01 20:01:00.000000	2023-05-01 21:15:00.000000
2023-05-01	SBO_0077_C01_309_h2	728	SBO_0077	2305H41244	2023-05-01 20:01:00.000000	2023-05-01 21:15:00.000000
2023-05-01	SBO_0077_C01_309_h4	0	SBO_0077	2305H41244	2023-05-01 20:01:00.000000	2023-05-01 21:15:00.000000
2023-05-01	SBO_0077_C01_309_h3	0	SBO_0077	2305H41244	2023-05-01 20:01:00.000000	2023-05-01 21:15:00.000000
2023-05-01	SBO_0077_C01_309_h1	0	SBO_0077	2305H41244	2023-05-01 20:01:00.000000	2023-05-01 21:15:00.000000
2023-05-01	SBO_0077_C01_309_f1	0	SBO_0077	2305H41244	2023-05-01 20:01:00.000000	2023-05-01 21:15:00.000000
2023-05-01	SBO_0077_C01_309_f4	0	SBO_0077	2305H41244	2023-05-01 20:01:00.000000	2023-05-01 21:15:00.000000
2023-05-01	SBO_0077_C01_309_f2	0	SBO_0077	2305H41244	2023-05-01 20:01:00.000000	2023-05-01 21:15:00.000000
2023-05-01	SBO_0077_C01_309_f3	0	SBO_0077	2305H41244	2023-05-01 20:01:00.000000	2023-05-01 21:15:00.000000
2023-05-01	SBO_0043_C01_116_l3	744	SBO_0043	2305H33916	2023-05-01 07:17:00.000000	2023-05-01 12:49:00.000000
2023-05-01	SBO_0043_C01_116_j2	744	SBO_0043	2305H33916	2023-05-01 07:17:00.000000	2023-05-01 12:49:00.000000
2023-05-01	SBO_0043_C01_116_h2	744	SBO_0043	2305H33916	2023-05-01 07:17:00.000000	2023-05-01 12:49:00.000000
2023-05-01	SBO_0043_C01_116_j4	744	SBO_0043	2305H33916	2023-05-01 07:17:00.000000	2023-05-01 12:49:00.000000
2023-05-01	SBO_0043_C01_116_j3	744	SBO_0043	2305H33916	2023-05-01 07:17:00.000000	2023-05-01 12:49:00.000000
2023-05-01	SBO_0043_C01_116_j1	744	SBO_0043	2305H33916	2023-05-01 07:17:00.000000	2023-05-01 12:49:00.000000
2023-05-01	SBO_0043_C01_116_l2	744	SBO_0043	2305H33916	2023-05-01 07:17:00.000000	2023-05-01 12:49:00.000000
2023-05-01	SBO_0043_C01_116_l4	744	SBO_0043	2305H33916	2023-05-01 07:17:00.000000	2023-05-01 12:49:00.000000
2023-05-01	SBO_0043_C01_116_l1	744	SBO_0043	2305H33916	2023-05-01 07:17:00.000000	2023-05-01 12:49:00.000000
2023-05-01	SBO_0043_C01_116_h3	7	SBO_0043	2305H33916	2023-05-01 07:17:00.000000	2023-05-01 12:49:00.000000
2023-05-01	SBO_0043_C01_116_h1	7	SBO_0043	2305H33916	2023-05-01 07:17:00.000000	2023-05-01 12:49:00.000000
2023-05-01	SBO_0043_C01_116_h4	7	SBO_0043	2305H33916	2023-05-01 07:17:00.000000	2023-05-01 12:49:00.000000
2023-05-01	SBO_0043_C01_116_f1	7	SBO_0043	2305H33916	2023-05-01 07:17:00.000000	2023-05-01 12:49:00.000000
2023-05-01	SBO_0043_C01_116_f2	7	SBO_0043	2305H33916	2023-05-01 07:17:00.000000	2023-05-01 12:49:00.000000
2023-05-01	SBO_0043_C01_116_f3	7	SBO_0043	2305H33916	2023-05-01 07:17:00.000000	2023-05-01 12:49:00.000000
2023-05-01	SBO_0043_C01_116_f4	7	SBO_0043	2305H33916	2023-05-01 07:17:00.000000	2023-05-01 12:49:00.000000
2023-05-01	SBO_0060_C03_218_j1	739	SBO_0060	2305H33916	2023-05-01 08:18:00.000000	2023-05-01 13:04:00.000000
2023-05-01	SBO_0060_C03_218_h1	739	SBO_0060	2305H33916	2023-05-01 08:18:00.000000	2023-05-01 13:04:00.000000
2023-05-01	SBO_0060_C03_218_h2	0	SBO_0060	2305H33916	2023-05-01 08:18:00.000000	2023-05-01 13:04:00.000000
2023-05-01	SBO_0060_C03_218_h3	0	SBO_0060	2305H33916	2023-05-01 08:18:00.000000	2023-05-01 13:04:00.000000
2023-05-01	SBO_0060_C03_218_l1	0	SBO_0060	2305H33916	2023-05-01 08:18:00.000000	2023-05-01 13:04:00.000000
2023-05-01	SBO_0060_C03_218_l2	0	SBO_0060	2305H33916	2023-05-01 08:18:00.000000	2023-05-01 13:04:00.000000
2023-05-01	SBO_0060_C03_218_l3	0	SBO_0060	2305H33916	2023-05-01 08:18:00.000000	2023-05-01 13:04:00.000000
2023-05-01	SBO_0036_C05_116_j1	348	SBO_0036	2305H33916	2023-05-01 09:29:00.000000	2023-05-01 09:47:00.000000
2023-05-01	SBO_0036_C05_116_h1	348	SBO_0036	2305H33916	2023-05-01 09:29:00.000000	2023-05-01 09:47:00.000000
2023-05-01	SBO_0036_C05_116_j1	348	SBO_0036	2305H33916	2023-05-01 09:35:00.000000	2023-05-01 09:47:00.000000
2023-05-01	SBO_0036_C05_116_h1	348	SBO_0036	2305H33916	2023-05-01 09:35:00.000000	2023-05-01 09:47:00.000000
2023-05-01	SBO_0036_C05_116_j1	348	SBO_0036	2305H33916	2023-05-01 09:47:00.000000	2023-05-01 13:15:00.000000
2023-05-01	SBO_0036_C05_116_h1	348	SBO_0036	2305H33916	2023-05-01 09:47:00.000000	2023-05-01 13:15:00.000000
2023-05-01	BIZ_0008_C02_409_j2	0	BIZ_0008	2305H35219	2023-05-01 10:46:00.000000	2023-05-01 11:11:00.000000
2023-05-01	BIZ_0008_C02_409_j1	0	BIZ_0008	2305H35219	2023-05-01 10:46:00.000000	2023-05-01 11:11:00.000000
2023-05-01	BIZ_0008_C02_409_j4	0	BIZ_0008	2305H35219	2023-05-01 10:46:00.000000	2023-05-01 11:11:00.000000
2023-05-01	BIZ_0008_C02_409_j3	0	BIZ_0008	2305H35219	2023-05-01 10:46:00.000000	2023-05-01 11:11:00.000000
2023-05-01	BIZ_0008_C02_409_l2	0	BIZ_0008	2305H35219	2023-05-01 10:46:00.000000	2023-05-01 11:11:00.000000
2023-05-01	BIZ_0008_C02_409_l1	0	BIZ_0008	2305H35219	2023-05-01 10:46:00.000000	2023-05-01 11:11:00.000000
2023-05-01	BIZ_0008_C02_409_l4	0	BIZ_0008	2305H35219	2023-05-01 10:46:00.000000	2023-05-01 11:11:00.000000
2023-05-01	BIZ_0008_C02_409_l3	0	BIZ_0008	2305H35219	2023-05-01 10:46:00.000000	2023-05-01 11:11:00.000000
2023-05-01	BIZ_0008_C02_409_h3	0	BIZ_0008	2305H35219	2023-05-01 10:46:00.000000	2023-05-01 11:11:00.000000
2023-05-01	BIZ_0008_C02_409_h1	0	BIZ_0008	2305H35219	2023-05-01 10:46:00.000000	2023-05-01 11:11:00.000000
2023-05-01	BIZ_0008_C02_409_h2	0	BIZ_0008	2305H35219	2023-05-01 10:46:00.000000	2023-05-01 11:11:00.000000
2023-05-01	BIZ_0008_C02_409_h4	0	BIZ_0008	2305H35219	2023-05-01 10:46:00.000000	2023-05-01 11:11:00.000000
2023-05-01	BIZ_0008_C02_409_f1	0	BIZ_0008	2305H35219	2023-05-01 10:46:00.000000	2023-05-01 11:11:00.000000
2023-05-01	BIZ_0008_C02_409_f2	0	BIZ_0008	2305H35219	2023-05-01 10:46:00.000000	2023-05-01 11:11:00.000000
2023-05-01	BIZ_0008_C02_409_f3	0	BIZ_0008	2305H35219	2023-05-01 10:46:00.000000	2023-05-01 11:11:00.000000
2023-05-01	BIZ_0008_C02_409_f4	0	BIZ_0008	2305H35219	2023-05-01 10:46:00.000000	2023-05-01 11:11:00.000000
2023-05-01	MED_0072_C01_110_l3	13	MED_0072	2305H35821	2023-05-01 12:08:00.000000	2023-05-01 12:40:00.000000
2023-05-01	MED_0072_C01_110_l2	13	MED_0072	2305H35821	2023-05-01 12:08:00.000000	2023-05-01 12:40:00.000000
2023-05-01	MED_0072_C01_110_l1	13	MED_0072	2305H35821	2023-05-01 12:08:00.000000	2023-05-01 12:40:00.000000
2023-05-01	MED_0072_C01_110_j3	13	MED_0072	2305H35821	2023-05-01 12:08:00.000000	2023-05-01 12:40:00.000000
2023-05-01	MED_0072_C01_110_j2	13	MED_0072	2305H35821	2023-05-01 12:08:00.000000	2023-05-01 12:40:00.000000
2023-05-01	MED_0072_C01_110_j1	13	MED_0072	2305H35821	2023-05-01 12:08:00.000000	2023-05-01 12:40:00.000000
2023-05-01	MED_0072_C01_110_f3	13	MED_0072	2305H35821	2023-05-01 12:08:00.000000	2023-05-01 12:40:00.000000
2023-05-01	MED_0072_C01_110_f2	13	MED_0072	2305H35821	2023-05-01 12:08:00.000000	2023-05-01 12:40:00.000000
2023-05-01	MED_0072_C01_110_f1	13	MED_0072	2305H35821	2023-05-01 12:08:00.000000	2023-05-01 12:40:00.000000
2023-05-01	MED_0072_C01_110_h1	5	MED_0072	2305H35821	2023-05-01 12:08:00.000000	2023-05-01 12:40:00.000000
2023-05-01	MED_0072_C01_110_h2	4	MED_0072	2305H35821	2023-05-01 12:08:00.000000	2023-05-01 12:40:00.000000
2023-05-01	MED_0072_C01_110_h3	4	MED_0072	2305H35821	2023-05-01 12:08:00.000000	2023-05-01 12:40:00.000000
2023-05-01	SBO_0043_C01_116_l3	744	SBO_0043	2305H33916	2023-05-01 12:49:00.000000	2023-05-01 13:24:00.000000
2023-05-01	SBO_0043_C01_116_j2	744	SBO_0043	2305H33916	2023-05-01 12:49:00.000000	2023-05-01 13:24:00.000000
2023-05-01	SBO_0043_C01_116_h2	744	SBO_0043	2305H33916	2023-05-01 12:49:00.000000	2023-05-01 13:24:00.000000
2023-05-01	SBO_0043_C01_116_j4	744	SBO_0043	2305H33916	2023-05-01 12:49:00.000000	2023-05-01 13:24:00.000000
2023-05-01	SBO_0043_C01_116_j3	744	SBO_0043	2305H33916	2023-05-01 12:49:00.000000	2023-05-01 13:24:00.000000
2023-05-01	SBO_0043_C01_116_j1	744	SBO_0043	2305H33916	2023-05-01 12:49:00.000000	2023-05-01 13:24:00.000000
2023-05-01	SBO_0043_C01_116_l2	744	SBO_0043	2305H33916	2023-05-01 12:49:00.000000	2023-05-01 13:24:00.000000
2023-05-01	SBO_0043_C01_116_l4	744	SBO_0043	2305H33916	2023-05-01 12:49:00.000000	2023-05-01 13:24:00.000000
2023-05-01	SBO_0043_C01_116_l1	744	SBO_0043	2305H33916	2023-05-01 12:49:00.000000	2023-05-01 13:24:00.000000
2023-05-01	SBO_0043_C01_116_h3	7	SBO_0043	2305H33916	2023-05-01 12:49:00.000000	2023-05-01 13:24:00.000000
2023-05-01	SBO_0043_C01_116_h1	7	SBO_0043	2305H33916	2023-05-01 12:49:00.000000	2023-05-01 13:24:00.000000
2023-05-01	SBO_0043_C01_116_h4	7	SBO_0043	2305H33916	2023-05-01 12:49:00.000000	2023-05-01 13:24:00.000000
2023-05-01	SBO_0043_C01_116_f1	7	SBO_0043	2305H33916	2023-05-01 12:49:00.000000	2023-05-01 13:24:00.000000
2023-05-01	SBO_0043_C01_116_f2	7	SBO_0043	2305H33916	2023-05-01 12:49:00.000000	2023-05-01 13:24:00.000000
2023-05-01	SBO_0043_C01_116_f3	7	SBO_0043	2305H33916	2023-05-01 12:49:00.000000	2023-05-01 13:24:00.000000
2023-05-01	SBO_0043_C01_116_f4	7	SBO_0043	2305H33916	2023-05-01 12:49:00.000000	2023-05-01 13:24:00.000000
2023-05-01	SBO_0036_C05_116_j1	348	SBO_0036	2305H39217	2023-05-01 15:38:00.000000	2023-05-01 17:21:00.000000
2023-05-01	SBO_0036_C05_116_h1	348	SBO_0036	2305H39217	2023-05-01 15:38:00.000000	2023-05-01 17:21:00.000000
2023-05-01	SBO_0080_C02_321_j1	0	SBO_0080	2305H38663	2023-05-01 16:28:00.000000	2023-05-01 18:25:00.000000
2023-05-01	SBO_0080_C02_321_j2	0	SBO_0080	2305H38663	2023-05-01 16:28:00.000000	2023-05-01 18:25:00.000000
2023-05-01	SBO_0080_C02_321_j3	0	SBO_0080	2305H38663	2023-05-01 16:28:00.000000	2023-05-01 18:25:00.000000
2023-05-01	SBO_0080_C02_321_j4	0	SBO_0080	2305H38663	2023-05-01 16:28:00.000000	2023-05-01 18:25:00.000000
2023-05-01	SBO_0080_C02_321_l1	0	SBO_0080	2305H38663	2023-05-01 16:28:00.000000	2023-05-01 18:25:00.000000
2023-05-01	SBO_0080_C02_321_l2	0	SBO_0080	2305H38663	2023-05-01 16:28:00.000000	2023-05-01 18:25:00.000000
2023-05-01	SBO_0080_C02_321_l3	0	SBO_0080	2305H38663	2023-05-01 16:28:00.000000	2023-05-01 18:25:00.000000
2023-05-01	SBO_0080_C02_321_l4	0	SBO_0080	2305H38663	2023-05-01 16:28:00.000000	2023-05-01 18:25:00.000000
2023-05-01	SBO_0080_C02_321_f1	0	SBO_0080	2305H38663	2023-05-01 16:28:00.000000	2023-05-01 18:25:00.000000
2023-05-01	SBO_0080_C02_321_f4	0	SBO_0080	2305H38663	2023-05-01 16:28:00.000000	2023-05-01 18:25:00.000000
2023-05-01	SBO_0080_C02_321_h4	0	SBO_0080	2305H38663	2023-05-01 16:28:00.000000	2023-05-01 18:25:00.000000
2023-05-01	SBO_0080_C02_321_f2	0	SBO_0080	2305H38663	2023-05-01 16:28:00.000000	2023-05-01 18:25:00.000000
2023-05-01	SBO_0080_C02_321_f3	0	SBO_0080	2305H38663	2023-05-01 16:28:00.000000	2023-05-01 18:25:00.000000
2023-05-01	SBO_0080_C02_321_h1	0	SBO_0080	2305H38663	2023-05-01 16:28:00.000000	2023-05-01 18:25:00.000000
2023-05-01	SBO_0080_C02_321_h2	0	SBO_0080	2305H38663	2023-05-01 16:28:00.000000	2023-05-01 18:25:00.000000
2023-05-01	SBO_0080_C02_321_h3	0	SBO_0080	2305H38663	2023-05-01 16:28:00.000000	2023-05-01 18:25:00.000000
2023-05-01	SBO_0034_C01_115_j3	348	SBO_0034	2305H33916	2023-05-01 07:08:00.000000	2023-05-01 09:01:00.000000
2023-05-01	SBO_0034_C01_115_l2	7	SBO_0034	2305H33916	2023-05-01 07:08:00.000000	2023-05-01 09:01:00.000000
2023-05-01	SBO_0034_C01_115_j2	7	SBO_0034	2305H33916	2023-05-01 07:08:00.000000	2023-05-01 09:01:00.000000
2023-05-01	SBO_0034_C01_115_h1	7	SBO_0034	2305H33916	2023-05-01 07:08:00.000000	2023-05-01 09:01:00.000000
2023-05-01	SBO_0034_C01_115_h3	7	SBO_0034	2305H33916	2023-05-01 07:08:00.000000	2023-05-01 09:01:00.000000
2023-05-01	SBO_0034_C01_115_h2	7	SBO_0034	2305H33916	2023-05-01 07:08:00.000000	2023-05-01 09:01:00.000000
2023-05-01	SBO_0034_C01_115_f1	7	SBO_0034	2305H33916	2023-05-01 07:08:00.000000	2023-05-01 09:01:00.000000
2023-05-01	SBO_0034_C01_115_f2	7	SBO_0034	2305H33916	2023-05-01 07:08:00.000000	2023-05-01 09:01:00.000000
2023-05-01	SBO_0034_C01_115_f3	7	SBO_0034	2305H33916	2023-05-01 07:08:00.000000	2023-05-01 09:01:00.000000
2023-05-01	SBO_0068_C02_218_l4	739	SBO_0068	2305H33916	2023-05-01 08:15:00.000000	2023-05-01 12:36:00.000000
2023-05-01	SBO_0068_C02_218_l3	739	SBO_0068	2305H33916	2023-05-01 08:15:00.000000	2023-05-01 12:36:00.000000
2023-05-01	SBO_0068_C02_218_l2	739	SBO_0068	2305H33916	2023-05-01 08:15:00.000000	2023-05-01 12:36:00.000000
2023-05-01	SBO_0068_C02_218_l1	739	SBO_0068	2305H33916	2023-05-01 08:15:00.000000	2023-05-01 12:36:00.000000
2023-05-01	SBO_0068_C02_218_j4	739	SBO_0068	2305H33916	2023-05-01 08:15:00.000000	2023-05-01 12:36:00.000000
2023-05-01	SBO_0068_C02_218_j2	739	SBO_0068	2305H33916	2023-05-01 08:15:00.000000	2023-05-01 12:36:00.000000
2023-05-01	SBO_0068_C02_218_h4	739	SBO_0068	2305H33916	2023-05-01 08:15:00.000000	2023-05-01 12:36:00.000000
2023-05-01	SBO_0068_C02_218_h2	739	SBO_0068	2305H33916	2023-05-01 08:15:00.000000	2023-05-01 12:36:00.000000
2023-05-01	SBO_0068_C02_218_j3	739	SBO_0068	2305H33916	2023-05-01 08:15:00.000000	2023-05-01 12:36:00.000000
2023-05-01	SBO_0068_C02_218_j1	739	SBO_0068	2305H33916	2023-05-01 08:15:00.000000	2023-05-01 12:36:00.000000
2023-05-01	SBO_0068_C02_218_h3	739	SBO_0068	2305H33916	2023-05-01 08:15:00.000000	2023-05-01 12:36:00.000000
2023-05-01	SBO_0068_C02_218_h1	0	SBO_0068	2305H33916	2023-05-01 08:15:00.000000	2023-05-01 12:36:00.000000
2023-05-01	SBO_0068_C02_218_f1	0	SBO_0068	2305H33916	2023-05-01 08:15:00.000000	2023-05-01 12:36:00.000000
2023-05-01	SBO_0068_C02_218_f4	0	SBO_0068	2305H33916	2023-05-01 08:15:00.000000	2023-05-01 12:36:00.000000
2023-05-01	SBO_0068_C02_218_f2	0	SBO_0068	2305H33916	2023-05-01 08:15:00.000000	2023-05-01 12:36:00.000000
2023-05-01	SBO_0068_C02_218_f3	0	SBO_0068	2305H33916	2023-05-01 08:15:00.000000	2023-05-01 12:36:00.000000
2023-05-01	SBO_0058_C01_417_j1	6	SBO_0058	2305H33916	2023-05-01 08:28:00.000000	2023-05-01 12:36:00.000000
2023-05-01	SBO_0058_C01_417_h1	6	SBO_0058	2305H33916	2023-05-01 08:28:00.000000	2023-05-01 12:36:00.000000
2023-05-01	SBO_0034_C01_115_j3	348	SBO_0034	2305H33916	2023-05-01 09:01:00.000000	2023-05-01 12:38:00.000000
2023-05-01	SBO_0034_C01_115_l2	7	SBO_0034	2305H33916	2023-05-01 09:01:00.000000	2023-05-01 12:38:00.000000
2023-05-01	SBO_0034_C01_115_j2	7	SBO_0034	2305H33916	2023-05-01 09:01:00.000000	2023-05-01 12:38:00.000000
2023-05-01	SBO_0034_C01_115_h1	7	SBO_0034	2305H33916	2023-05-01 09:01:00.000000	2023-05-01 12:38:00.000000
2023-05-01	SBO_0034_C01_115_h3	7	SBO_0034	2305H33916	2023-05-01 09:01:00.000000	2023-05-01 12:38:00.000000
2023-05-01	SBO_0034_C01_115_h2	7	SBO_0034	2305H33916	2023-05-01 09:01:00.000000	2023-05-01 12:38:00.000000
2023-05-01	SBO_0034_C01_115_f1	7	SBO_0034	2305H33916	2023-05-01 09:01:00.000000	2023-05-01 12:38:00.000000
2023-05-01	SBO_0034_C01_115_f2	7	SBO_0034	2305H33916	2023-05-01 09:01:00.000000	2023-05-01 12:38:00.000000
2023-05-01	SBO_0034_C01_115_f3	7	SBO_0034	2305H33916	2023-05-01 09:01:00.000000	2023-05-01 12:38:00.000000
2023-05-01	GAF_0003_C01_SFN_j2	4	GAF_0003	2305H34689	2023-05-01 09:24:00.000000	2023-05-01 09:43:00.000000
2023-05-01	GAF_0003_C01_110_j1	4	GAF_0003	2305H34689	2023-05-01 09:24:00.000000	2023-05-01 09:43:00.000000
2023-05-01	GAF_0003_C01_110_l3	5	GAF_0003	2305H34689	2023-05-01 09:24:00.000000	2023-05-01 09:43:00.000000
2023-05-01	GAF_0003_C01_SFN_l2	4	GAF_0003	2305H34689	2023-05-01 09:24:00.000000	2023-05-01 09:43:00.000000
2023-05-01	GAF_0003_C01_110_l1	4	GAF_0003	2305H34689	2023-05-01 09:24:00.000000	2023-05-01 09:43:00.000000
2023-05-01	GAF_0003_C01_110_j3	5	GAF_0003	2305H34689	2023-05-01 09:24:00.000000	2023-05-01 09:43:00.000000
2023-05-01	GAF_0003_C01_110_h1	4	GAF_0003	2305H34689	2023-05-01 09:24:00.000000	2023-05-01 09:43:00.000000
2023-05-01	GAF_0003_C01_SFN_h2	4	GAF_0003	2305H34689	2023-05-01 09:24:00.000000	2023-05-01 09:43:00.000000
2023-05-01	GAF_0003_C01_110_h3	5	GAF_0003	2305H34689	2023-05-01 09:24:00.000000	2023-05-01 09:43:00.000000
2023-05-01	GAF_0003_C01_110_f1	4	GAF_0003	2305H34689	2023-05-01 09:24:00.000000	2023-05-01 09:43:00.000000
2023-05-01	GAF_0003_C01_110_f2	5	GAF_0003	2305H34689	2023-05-01 09:24:00.000000	2023-05-01 09:43:00.000000
2023-05-01	GAF_0003_C01_110_f3	4	GAF_0003	2305H34689	2023-05-01 09:24:00.000000	2023-05-01 09:43:00.000000
2023-05-01	GAF_0003_C01_SFN_j2	4	GAF_0003	2305H34689	2023-05-01 09:30:00.000000	2023-05-01 09:44:00.000000
2023-05-01	GAF_0003_C01_110_j1	4	GAF_0003	2305H34689	2023-05-01 09:30:00.000000	2023-05-01 09:44:00.000000
2023-05-01	GAF_0003_C01_110_l3	5	GAF_0003	2305H34689	2023-05-01 09:30:00.000000	2023-05-01 09:44:00.000000
2023-05-01	GAF_0003_C01_SFN_l2	4	GAF_0003	2305H34689	2023-05-01 09:30:00.000000	2023-05-01 09:44:00.000000
2023-05-01	GAF_0003_C01_110_l1	4	GAF_0003	2305H34689	2023-05-01 09:30:00.000000	2023-05-01 09:44:00.000000
2023-05-01	GAF_0003_C01_110_j3	5	GAF_0003	2305H34689	2023-05-01 09:30:00.000000	2023-05-01 09:44:00.000000
2023-05-01	GAF_0003_C01_110_h1	4	GAF_0003	2305H34689	2023-05-01 09:30:00.000000	2023-05-01 09:44:00.000000
2023-05-01	GAF_0003_C01_SFN_h2	4	GAF_0003	2305H34689	2023-05-01 09:30:00.000000	2023-05-01 09:44:00.000000
2023-05-01	GAF_0003_C01_110_h3	5	GAF_0003	2305H34689	2023-05-01 09:30:00.000000	2023-05-01 09:44:00.000000
2023-05-01	GAF_0003_C01_110_f1	4	GAF_0003	2305H34689	2023-05-01 09:30:00.000000	2023-05-01 09:44:00.000000
2023-05-01	GAF_0003_C01_110_f2	5	GAF_0003	2305H34689	2023-05-01 09:30:00.000000	2023-05-01 09:44:00.000000
2023-05-01	GAF_0003_C01_110_f3	4	GAF_0003	2305H34689	2023-05-01 09:30:00.000000	2023-05-01 09:44:00.000000
2023-05-01	GAF_0057_C02_217_j2	348	GAF_0057	2305H34689	2023-05-01 09:32:00.000000	2023-05-01 10:15:00.000000
2023-05-01	GAF_0057_C02_217_h2	348	GAF_0057	2305H34689	2023-05-01 09:32:00.000000	2023-05-01 10:15:00.000000
2023-05-01	GAF_0057_C02_217_f1	0	GAF_0057	2305H34689	2023-05-01 09:32:00.000000	2023-05-01 10:15:00.000000
2023-05-01	GAF_0057_C02_217_f2	0	GAF_0057	2305H34689	2023-05-01 09:32:00.000000	2023-05-01 10:15:00.000000
2023-05-01	GAF_0057_C02_217_f3	0	GAF_0057	2305H34689	2023-05-01 09:32:00.000000	2023-05-01 10:15:00.000000
2023-05-01	BIZ_0080_C04_112_f1	743	BIZ_0080	2305H35219	2023-05-01 10:43:00.000000	2023-05-01 11:11:00.000000
2023-05-01	BIZ_0080_C04_112_f2	743	BIZ_0080	2305H35219	2023-05-01 10:43:00.000000	2023-05-01 11:11:00.000000
2023-05-01	BIZ_0080_C04_112_f3	743	BIZ_0080	2305H35219	2023-05-01 10:43:00.000000	2023-05-01 11:11:00.000000
2023-05-01	BIZ_0080_C04_112_j1	0	BIZ_0080	2305H35219	2023-05-01 10:43:00.000000	2023-05-01 11:11:00.000000
2023-05-01	BIZ_0080_C04_112_j2	0	BIZ_0080	2305H35219	2023-05-01 10:43:00.000000	2023-05-01 11:11:00.000000
2023-05-01	BIZ_0080_C04_112_j3	0	BIZ_0080	2305H35219	2023-05-01 10:43:00.000000	2023-05-01 11:11:00.000000
2023-05-01	BIZ_0080_C04_112_l1	0	BIZ_0080	2305H35219	2023-05-01 10:43:00.000000	2023-05-01 11:11:00.000000
2023-05-01	BIZ_0080_C04_112_l2	0	BIZ_0080	2305H35219	2023-05-01 10:43:00.000000	2023-05-01 11:11:00.000000
2023-05-01	BIZ_0080_C04_112_l3	0	BIZ_0080	2305H35219	2023-05-01 10:43:00.000000	2023-05-01 11:11:00.000000
2023-05-01	BIZ_0080_C04_112_h1	0	BIZ_0080	2305H35219	2023-05-01 10:43:00.000000	2023-05-01 11:11:00.000000
2023-05-01	BIZ_0080_C04_112_h2	0	BIZ_0080	2305H35219	2023-05-01 10:43:00.000000	2023-05-01 11:11:00.000000
2023-05-01	BIZ_0080_C04_112_h3	0	BIZ_0080	2305H35219	2023-05-01 10:43:00.000000	2023-05-01 11:11:00.000000
2023-05-01	SBO_0038_C02_318_f1	1	SBO_0038	2305H35686	2023-05-01 11:57:00.000000	2023-05-01 12:11:00.000000
2023-05-01	SBO_0038_C02_318_f2	1	SBO_0038	2305H35686	2023-05-01 11:57:00.000000	2023-05-01 12:11:00.000000
2023-05-01	SBO_0038_C02_318_f3	1	SBO_0038	2305H35686	2023-05-01 11:57:00.000000	2023-05-01 12:11:00.000000
2023-05-01	SBO_0058_C01_417_j1	6	SBO_0058	2305H39306	2023-05-01 17:17:00.000000	2023-05-01 17:22:00.000000
2023-05-01	SBO_0058_C01_417_h1	6	SBO_0058	2305H39306	2023-05-01 17:17:00.000000	2023-05-01 17:22:00.000000
